id,tiempo_llegada,tiempo_inicio_servicio,tiempo_fin_servicio,tiempo_espera,tiempo_servicio,ciclo
74,267.0955894905555,306.0,307.56262477918517,38.90441050944452,1.5626247791851986,7
75,269.31170301603095,307.56262477918517,310.3190832062861,38.250921763154224,2.7564584271009256,7
76,270.11329313580626,310.3190832062861,310.4368117554888,40.20579007047985,0.11772854920272376,7
77,270.3147089833453,310.4368117554888,312.1918057947487,40.12210277214348,1.7549940392598598,7
78,271.90264535439155,312.1918057947487,312.53440933834923,40.289160440357136,0.34260354360053397,7
79,272.92984897959406,312.53440933834923,319.01149032870796,39.60456035875518,6.4770809903587345,7
80,278.0391949315995,319.01149032870796,319.5477823488957,40.97229539710844,0.5362920201877193,7
73,266.489272888838,319.5477823488957,319.80319141294103,53.05850946005768,0.25540906404537844,7
81,280.0624777227749,319.80319141294103,324.2229719667511,39.74071369016616,4.419780553810062,7
82,298.01795665218765,324.2229719667511,326.1548874567212,26.205015314563468,1.931915489970105,7
83,299.19123286069765,326.1548874567212,327.907452582159,26.96365459602356,1.752565125437771,7
84,310.73935428235757,327.907452582159,333.3651707378889,17.168098299801443,5.457718155729905,7
85,313.0689018083099,333.3651707378889,334.3728239090802,20.296268929579014,1.0076531711912702,7
86,313.34724438880806,334.3728239090802,335.1329368166764,21.025579520272117,0.7601129075962268,7
88,317.04569371771356,357.0,361.22840128025217,39.95430628228644,4.2284012802521795,8
89,320.7943081233817,361.22840128025217,363.66008672866406,40.43409315687046,2.4316854484118875,8
90,321.73646998642965,363.66008672866406,365.55192629531894,41.9236167422344,1.8918395666548782,8
91,324.74540878944094,365.55192629531894,374.27371938775326,40.80651750587799,8.7217930924343,8
92,326.5567145050985,374.27371938775326,376.4513723302448,47.71700488265475,2.177652942491547,8
93,329.02265906782884,376.4513723302448,376.6966765795964,47.428713262415954,0.2453042493515867,8
94,329.7842649797701,376.6966765795964,376.92309455460764,46.91241159982627,0.2264179750112372,8
95,333.98245372599706,376.92309455460764,377.55895987227393,42.94064082861058,0.6358653176663067,8
87,314.03251072362883,377.55895987227393,379.41583745069653,63.5264491486451,1.8568775784225777,8
96,335.17135630010165,379.41583745069653,381.9447853104664,44.24448115059488,2.528947859769847,8
97,335.42238620080076,381.9447853104664,382.5577918858818,46.52239910966563,0.6130065754153937,8
98,337.46577357028974,382.5577918858818,383.8987318210242,45.09201831559204,1.3409399351424638,8
100,360.5779556236065,408.0,412.68532663585677,47.4220443763935,4.685326635856748,9
101,361.1502044095171,412.68532663585677,416.284043410516,51.535122226339695,3.5987167746592106,9
102,367.13097858243515,416.284043410516,416.60460108085374,49.15306482808086,0.3205576703377469,9
103,370.6684721169151,416.60460108085374,416.8772614503967,45.93612896393864,0.272660369542944,9
104,370.6946516775525,416.8772614503967,421.46216444871317,46.182609772844216,4.584902998316454,9
105,376.3574461190681,421.46216444871317,426.0459421834819,45.104718329645095,4.5837777347686925,9
106,376.8381347415403,426.0459421834819,430.3565961475192,49.20780744194161,4.310653964037343,9
107,379.5237918240287,430.3565961475192,431.399619143417,50.83280432349051,1.0430229958978094,9
108,380.2826262640974,431.399619143417,431.7353995386004,51.11699287931958,0.33578039518339353,9
109,383.6352006571481,431.7353995386004,437.0505229468246,48.100198881452286,5.315123408224171,9
110,391.49328961220516,459.0,459.6206891005468,67.50671038779484,0.6206891005468215,10
111,392.57296915923905,459.6206891005468,462.7171349398989,67.04771994130778,3.0964458393520955,10
112,392.5848091257112,462.7171349398989,466.62936453830497,70.13232581418771,3.9122295984060163,10
113,397.49998924417713,466.62936453830497,467.1325373139395,69.12937529412784,0.50317277563452,10
114,400.87887200306824,467.1325373139395,470.52456268994746,66.25366531087127,3.392025376007957,10
115,401.89137479043933,470.52456268994746,471.25279889074557,68.63318789950813,0.7282362007980809,10
116,406.3974386336456,471.25279889074557,471.769292663036,64.85536025709996,0.5164937722904395,10
117,406.42982781610766,471.769292663036,471.8171905325486,65.33946484692837,0.0478978695125637,10
118,406.6905785119045,471.8171905325486,472.24637543616785,65.12661202064407,0.42918490361926376,10
119,413.8455488530196,472.24637543616785,476.24177329317536,58.40082658314827,3.9953978570074815,10
120,416.7571943486921,476.24177329317536,476.896352327076,59.484578944483246,0.6545790339006364,10
121,417.9856701190981,476.896352327076,477.91693180969617,58.91068220797791,1.0205794826201608,10
122,423.2864534480816,477.91693180969617,485.8593833516343,54.630478361614564,7.942451541938086,10
123,424.0725175220449,485.8593833516343,486.1044910893091,61.786865829589374,0.24510773767477856,10
125,425.39093292799953,510.0,512.5418640554756,84.60906707200047,2.541864055475555,11
126,430.43978707603435,512.5418640554756,515.2510684875404,82.10207697944122,2.709204432064771,11
127,433.6708749407979,515.2510684875404,517.4722064863162,81.58019354674246,2.221137998775784,11
99,359.04033866227303,517.4722064863162,518.3780164910321,158.43186782404314,0.9058100047159249,11
128,440.33608823733215,518.3780164910321,519.1315258758897,78.04192825369995,0.753509384857535,11
129,447.4432063528832,519.1315258758897,522.899476448403,71.6883195230065,3.767950572513279,11
130,456.3464863858346,522.899476448403,523.613747314616,66.55299006256837,0.7142708662130909,11
131,461.8954289706324,523.613747314616,524.6635724374848,61.71831834398364,1.0498251228688005,11
132,462.27675015942094,524.6635724374848,525.6932410231863,62.3868222780639,1.0296685857013896,11
133,469.13351301324707,525.6932410231863,525.9655399116442,56.55972800993919,0.2722988884579673,11
134,471.18933915608505,525.9655399116442,531.604520589854,54.77620075555916,5.638980678209794,11
135,476.4774461007011,531.604520589854,532.3205862480795,55.1270744891529,0.7160656582255006,11
136,479.8966983737238,532.3205862480795,533.9084546476896,52.42388787435573,1.5878683996100968,11
137,482.4578176255945,533.9084546476896,533.9092666919158,51.45063702209512,0.0008120442262222039,11
124,425.029368370624,533.9092666919158,534.5855723952766,108.87989832129182,0.6763057033607831,11
138,491.7937394164787,534.5855723952766,535.7094178139081,42.79183297879791,1.1238454186314895,11
139,492.44942573832077,535.7094178139081,537.8361337361987,43.25999207558732,2.126715922290638,11
140,493.47782403161386,537.8361337361987,539.0034992087936,44.358309704584826,1.1673654725949643,11
141,493.8602924795389,539.0034992087936,539.4843365322638,45.14320672925476,0.48083732347015595,11
143,497.0155095175591,561.0,564.7907456191683,63.98449048244089,3.7907456191683218,12
144,499.4030372397797,564.7907456191683,565.2231689757299,65.38770837938864,0.43242335656161374,12
145,501.0245400380263,565.2231689757299,567.6069560851885,64.19862893770357,2.383787109458593,12
146,503.88923897608765,567.6069560851885,569.7415206307533,63.71771710910082,2.1345645455648183,12
147,504.8692344926623,569.7415206307533,572.6812742509793,64.87228613809094,2.9397536202260413,12
148,508.9815492515049,572.6812742509793,573.0681687236337,63.69972499947443,0.38689447265433047,12
149,508.9871916183191,573.0681687236337,579.4067236640715,64.08097710531456,6.338554940437756,12
150,517.6470769376044,579.4067236640715,582.6398159133373,61.759646726467054,3.23309224926583,12
152,519.2248059562215,612.0,612.6420570651766,92.77519404377847,0.6420570651765988,13
153,523.4651007182673,612.6420570651766,612.8033567824549,89.17695634690926,0.16129971727836837,13
154,524.6985257081961,612.8033567824549,613.4763400784909,88.10483107425875,0.6729832960360528,13
155,525.866816620138,613.4763400784909,614.1104660203149,87.6095234583529,0.6341259418240167,13
156,527.6851399957317,614.1104660203149,615.6641855458809,86.42532602458323,1.5537195255659901,13
157,531.4554326331995,615.6641855458809,618.0321979026482,84.20875291268135,2.368012356767338,13
158,534.6416002462009,618.0321979026482,618.1649665646985,83.39059765644731,0.13276866205029011,13
159,537.5331480232437,618.1649665646985,619.2121108298097,80.63181854145478,1.0471442651112273,13
142,495.7608182696161,619.2121108298097,620.7765535374938,123.45129256019362,1.564442707684103,13
160,539.6180362166608,620.7765535374938,621.2400000148746,81.15851732083297,0.4634464773808027,13
161,547.3329149583053,621.2400000148746,622.3299493158706,73.90708505656926,1.0899493009960772,13
162,549.748044297685,622.3299493158706,624.0844711888184,72.58190501818558,1.7545218729477912,13
163,553.088818590886,624.0844711888184,627.9705481934383,70.99565259793235,3.8860770046199455,13
164,557.7250096098817,627.9705481934383,630.8719543576761,70.2455385835566,2.901406164237921,13
165,558.4651981372601,630.8719543576761,630.8837814258998,72.40675622041601,0.011827068223594226,13
166,558.5476269227908,630.8837814258998,631.7507662934734,72.33615450310901,0.8669848675735959,13
167,559.4837235914148,631.7507662934734,635.5915155482863,72.26704270205857,3.8407492548130047,13
168,561.6324461027253,635.5915155482863,636.6775978559534,73.959069445561,1.0860823076671082,13
169,561.8845008795461,636.6775978559534,638.2574969650473,74.79309697640736,1.579899109093796,13
170,563.668462050309,638.2574969650473,640.1064078549846,74.58903491473825,1.8489108899373154,13
171,566.9805232776088,640.1064078549846,640.6047123182733,73.12588457737581,0.4983044632886692,13
172,569.2537375474076,640.6047123182733,641.100152598262,71.35097477086572,0.495440279988661,13
173,569.2722717064231,641.100152598262,641.1590613427413,71.82788089183884,0.05890874447932713,13
174,573.9061374681237,641.1590613427413,641.9783978316827,67.25292387461764,0.8193364889413778,13
176,576.5102931814608,663.0,663.9532549267616,86.48970681853916,0.9532549267615943,14
177,577.4656721245602,663.9532549267616,666.741987216181,86.48758280220136,2.7887322894193978,14
178,579.4978565797672,666.741987216181,666.9128987174144,87.24413063641373,0.17091150123341992,14
151,517.8888853814448,666.9128987174144,666.9520459300434,149.02401333596958,0.039147212628995606,14
179,583.1690206745411,666.9520459300434,668.5025792241177,83.78302525550225,1.5505332940743177,14
180,586.1856395803022,668.5025792241177,669.364023040702,82.31693964381543,0.8614438165844249,14
181,596.1740554347978,669.364023040702,671.464490849238,73.18996760590426,2.1004678085359476,14
182,600.4086422227392,671.464490849238,673.5741869171302,71.0558486264988,2.1096960678921355,14
183,604.9460849240361,673.5741869171302,676.3809312704353,68.6281019930941,2.806744353305162,14
184,607.0918752181982,676.3809312704353,676.825620717266,69.28905605223713,0.4446894468307153,14
185,610.4757960405741,676.825620717266,676.8668018278594,66.34982467669192,0.0411811105933469,14
186,613.7608048905105,676.8668018278594,677.1974530765197,63.10599693734889,0.33065124866027823,14
187,615.0449231129403,677.1974530765197,677.4673086104352,62.152529963579354,0.2698555339155332,14
188,615.5413699415227,677.4673086104352,679.6813568161224,61.92593866891252,2.2140482056871558,14
189,616.4180512513649,679.6813568161224,681.3414433598246,63.2633055647575,1.660086543702199,14
190,620.5033918542798,681.3414433598246,681.8331537505355,60.83805150554474,0.49171039071101724,14
191,622.2949511390099,681.8331537505355,684.2375356776715,59.53820261152566,2.40438192713596,14
192,630.1355498161261,684.2375356776715,687.1500948274992,54.10198586154547,2.9125591498276346,14
193,631.7310516582952,687.1500948274992,689.9061572336204,55.419043169203974,2.7560624061212087,14
195,640.9867132103071,714.0,715.010530361832,73.01328678969287,1.010530361832075,15
175,576.3385491817635,715.010530361832,717.5211657552509,138.67198118006854,2.5106353934188834,15
196,642.8947473674818,717.5211657552509,719.4948196047376,74.62641838776904,1.9736538494867115,15
197,644.6215676247348,719.4948196047376,719.7097702284785,74.8732519800028,0.21495062374090873,15
198,645.2228247109675,719.7097702284785,722.6708122723353,74.486945517511,2.9610420438567537,15
199,645.6779550715083,722.6708122723353,724.5054528698121,76.99285720082696,1.8346405974767692,15
200,645.769077466048,724.5054528698121,724.7635189265861,78.7363754037641,0.2580660567740481,15
201,647.4387731986301,724.7635189265861,733.0144900046836,77.32474572795604,8.250971078097397,15
202,650.2088148107969,733.0144900046836,734.1330447414167,82.80567519388671,1.118554736733176,15
203,650.3004017452763,734.1330447414167,735.5433255250582,83.83264299614041,1.4102807836415403,15
204,653.7314633349242,735.5433255250582,739.3319151772016,81.81186219013398,3.7885896521434534,15
205,654.2175791847461,739.3319151772016,739.5549828414843,85.1143359924555,0.22306766428268648,15
207,656.4540102394562,765.0,766.5451294286667,108.54598976054376,1.5451294286666049,16
208,658.0426484533162,766.5451294286667,767.8664797440293,108.50248097535041,1.3213503153627102,16
209,658.8354023553807,767.8664797440293,770.492762454184,109.03107738864867,2.62628271015472,16
210,660.1546718870645,770.492762454184,774.3099760000813,110.33809056711948,3.8172135458972836,16
211,664.9288495874612,774.3099760000813,774.4912764842018,109.38112641262012,0.1813004841204575,16
212,670.8733186458167,774.4912764842018,778.7591764234502,103.61795783838511,4.267899939248409,16
213,675.9391462099945,778.7591764234502,780.644095274304,102.82003021345565,1.8849188508538386,16
214,685.8991359532911,780.644095274304,780.7023350668602,94.74495932101297,0.05823979255610461,16
215,686.5113674093498,780.7023350668602,784.5093200434753,94.19096765751044,3.8069849766150856,16
216,689.6266194791491,784.5093200434753,785.3413779925347,94.88270056432623,0.8320579490593663,16
194,636.3986929184709,785.3413779925347,789.5872451837818,148.94268507406377,4.245867191247019,16
217,690.0320859600708,789.5872451837818,790.2339150165991,99.55515922371092,0.6466698328173501,16
218,701.1802891583396,790.2339150165991,790.254320993302,89.05362585825947,0.02040597670289951,16
220,706.1972325712876,816.0,816.631933825816,109.8027674287124,0.6319338258159909,17
221,716.77793039394,816.631933825816,817.2110446143997,99.85400343187598,0.5791107885837773,17
222,717.0413950455718,817.2110446143997,817.4682025603672,100.16964956882794,0.2571579459675195,17
223,720.9519514959673,817.4682025603672,817.8960357953861,96.51625106439997,0.42783323501880793,17
224,727.2822075809969,817.8960357953861,818.150690842638,90.61382821438917,0.254655047251941,17
225,732.3694705952332,818.150690842638,819.6858460259818,85.7812202474048,1.535155183343811,17
226,733.7911047395153,819.6858460259818,820.1735200082044,85.89474128646657,0.48767398222255376,17
227,735.3342448166093,820.1735200082044,821.4975869012386,84.8392751915951,1.3240668930342814,17
228,736.72552015819,821.4975869012386,829.0082257509827,84.77206674304864,7.510638849744039,17
206,656.2820337278582,829.0082257509827,829.403766003469,172.72619202312444,0.39554025248632807,17
229,742.4849619893132,829.403766003469,829.4322648226537,86.91880401415574,0.02849881918472919,17
230,745.8498361294552,829.4322648226537,830.9599839786845,83.5824286931985,1.5277191560307448,17
231,751.7311079764113,830.9599839786845,832.5719841080988,79.22887600227318,1.6120001294143151,17
232,755.8265633652784,832.5719841080988,834.962786023104,76.74542074282044,2.3908019150050714,17
233,757.732537109613,834.962786023104,839.0196928091897,77.23024891349098,4.056906786085778,17
234,762.144169550798,839.0196928091897,843.1424204350284,76.8755232583917,4.122727625838751,17
235,767.6484963627433,843.1424204350284,844.3037324057854,75.49392407228504,1.1613119707570128,17
236,769.554985919097,844.3037324057854,844.7113058015015,74.74874648668833,0.407573395716151,17
237,770.5967034643975,844.7113058015015,844.8167928443842,74.11460233710397,0.1054870428827184,17
239,777.4493684918828,867.0,867.728781394535,89.55063150811725,0.7287813945349364,18
240,779.5325143527674,867.728781394535,869.6693637220544,88.19626704176756,1.9405823275194556,18
241,781.120537598004,869.6693637220544,871.5506889391223,88.54882612405038,1.8813252170678822,18
242,781.7895282243197,871.5506889391223,874.2455233183287,89.7611607148026,2.6948343792062914,18
243,782.584225873748,874.2455233183287,880.1428466952273,91.66129744458067,5.897323376898645,18
244,787.9130859040106,880.1428466952273,880.6086989499097,92.22976079121668,0.4658522546824782,18
219,702.4266368190215,880.6086989499097,882.7688383137095,178.1820621308882,2.16013936379978,18
245,791.9395073843789,882.7688383137095,882.7741969312036,90.82933092933058,0.00535861749411193,18
246,792.2378451909511,882.7741969312036,883.971703425121,90.53635174025248,1.1975064939172873,18
247,796.4819530872421,883.971703425121,884.4982710091734,87.48975033787883,0.5265675840524772,18
248,801.2136136561902,884.4982710091734,886.953134869295,83.28465735298323,2.4548638601216037,18
249,804.6742273526673,886.953134869295,889.2787001129414,82.27890751662767,2.325565243646345,18
250,804.9997995243181,889.2787001129414,894.4304044245889,84.27890058862329,5.151704311647538,18
251,805.8348332705066,894.4304044245889,896.5949949582825,88.59557115408234,2.164590533693667,18
253,811.894879334346,918.0,919.3881839619584,106.105120665654,1.388183961958367,19
254,813.7424187286058,919.3881839619584,920.7498119353863,105.64576523335256,1.3616279734279593,19
255,815.0812830791596,920.7498119353863,920.8311659125038,105.66852885622677,0.08135397711744936,19
256,819.1263992433727,920.8311659125038,921.9625345657162,101.70476666913112,1.131368653212346,19
257,823.914004581147,921.9625345657162,922.5388800244232,98.0485299845692,0.5763454587070648,19
258,826.3929255175836,922.5388800244232,922.7304197458942,96.14595450683953,0.1915397214710015,19
259,827.5018509503889,922.7304197458942,929.2660846167963,95.22856879550534,6.535664870902064,19
260,827.8550017874809,929.2660846167963,935.2892501927885,101.41108282931543,6.023165575992151,19
261,828.5743932062866,935.2892501927885,937.5204512488682,106.7148569865019,2.2312010560797386,19
262,829.434731458297,937.5204512488682,938.1485335321314,108.08571979057115,0.6280822832631661,19
263,830.5035120612948,938.1485335321314,938.2306602318042,107.64502147083658,0.0821266996728297,19
264,842.7070689718695,938.2306602318042,941.0540390819301,95.52359125993473,2.8233788501258767,19
238,776.5175908814676,941.0540390819301,942.3256864193573,164.53644820046247,1.2716473374272386,19
265,844.8195392369736,942.3256864193573,944.4339749763918,97.50614718238376,2.1082885570344763,19
266,846.9847693279311,944.4339749763918,944.8345122222122,97.44920564846075,0.4005372458203938,19
267,852.7401747696819,944.8345122222122,946.5950549264825,92.09433745253034,1.760542704270251,19
269,857.9797733580067,969.0,974.807894401589,111.0202266419933,5.807894401588997,20
270,858.8323709292978,974.807894401589,975.5631580195643,115.97552347229123,0.7552636179752392,20
271,861.2968477180715,975.5631580195643,976.3441350173821,114.26631030149281,0.7809769978177793,20
272,863.2927571487826,976.3441350173821,977.3797517671037,113.0513778685995,1.0356167497216098,20
273,865.2417213954778,977.3797517671037,978.8253002969649,112.13803037162586,1.4455485298612356,20
274,880.6027251586728,978.8253002969649,987.6909660398047,98.22257513829209,8.865665742839857,20
275,881.3927947982047,987.6909660398047,989.8348700651258,106.29817124160002,2.1439040253210826,20
276,881.9623149638857,989.8348700651258,990.2503519838207,107.8725551012401,0.4154819186948935,20
277,882.5987643056044,990.2503519838207,991.1484944305663,107.65158767821629,0.898142446745603,20
278,882.8588698805065,991.1484944305663,993.1123340836148,108.28962455005978,1.963839653048513,20
279,885.8619938499236,993.1123340836148,995.9664879302918,107.25034023369119,2.8541538466770264,20
280,889.9085980136454,995.9664879302918,997.1194079808715,106.05788991664645,1.1529200505797093,20
252,809.758048871974,1020.0,1024.8820829810636,210.24195112802602,4.88208298106358,21
282,904.1200909907134,1024.8820829810636,1025.1319992469398,120.76199199035023,0.24991626587632135,21
283,904.3670503129251,1025.1319992469398,1028.7012870224273,120.76494893401468,3.569287775487572,21
284,905.5924120336448,1028.7012870224273,1030.1233880691896,123.10887498878253,1.422101046762211,21
285,908.3995043574972,1030.1233880691896,1033.7236643611327,121.72388371169234,3.6002762919431768,21
286,909.5346220352876,1033.7236643611327,1034.282380404714,124.1890423258451,0.5587160435814182,21
287,909.9772653317539,1034.282380404714,1035.8850262792128,124.30511507296023,1.6026458744985643,21
288,913.8670236798401,1035.8850262792128,1036.8526992487336,122.01800259937261,0.9676729695208747,21
289,917.8773086177262,1036.8526992487336,1041.9514142365203,118.97539063100749,5.098714987786613,21
290,927.4074422660688,1041.9514142365203,1046.1807436335957,114.5439719704516,4.229329397075488,21
291,930.2612246397911,1046.1807436335957,1046.8273549567955,115.91951899380467,0.6466113231997458,21
268,853.1604258676015,1046.8273549567955,1049.9487093304115,193.666929089194,3.121354373616084,21
293,959.8159884080192,1071.0,1071.089256999943,111.18401159198083,0.08925699994302218,22
294,966.316156303857,1071.089256999943,1073.8199292667737,104.77310069608598,2.7306722668307137,22
295,967.6501048708251,1073.8199292667737,1077.156277493406,106.16982439594858,3.3363482266323596,22
296,971.593785938712,1077.156277493406,1079.3357143831317,105.5624915546939,2.1794368897257668,22
297,974.2561939582794,1079.3357143831317,1087.243294719818,105.07952042485238,7.907580336686321,22
298,976.2783609635084,1087.243294719818,1091.319131119384,110.96493375630973,4.075836399565948,22
299,987.9874759420544,1091.319131119384,1092.5401581359608,103.33165517732971,1.221027016576817,22
300,990.5947525854724,1092.5401581359608,1095.103622022184,101.94540555048843,2.5634638862231953,22
301,995.3027689525891,1095.103622022184,1097.2307764747818,99.80085306959495,2.127154452597805,22
302,997.9586858283508,1122.0,1133.9245284774317,124.04131417164922,11.924528477431746,23
303,998.3902032793371,1133.9245284774317,1135.0973464920305,135.53432519809462,1.1728180145987201,23
304,1010.44810619163,1135.0973464920305,1137.4656944460603,124.64924030040049,2.368347954029734,23
305,1010.774251216231,1137.4656944460603,1137.5598587276268,126.69144322982925,0.09416428156657175,23
306,1026.9775314578314,1137.5598587276268,1140.7405363139083,110.58232726979531,3.180677586281466,23
307,1029.2772096462982,1140.7405363139083,1141.4350261953991,111.46332666761009,0.6944898814908178,23
308,1030.341921061157,1141.4350261953991,1142.3745250058068,111.09310513424202,0.9394988104078191,23
309,1043.423021253288,1142.3745250058068,1142.689165925658,98.95150375251887,0.3146409198512643,23
292,956.1190974723842,1142.689165925658,1144.2041803183538,186.57006845327385,1.5150143926957984,23
310,1050.0740161203848,1144.2041803183538,1147.3496159058423,94.13016419796895,3.1454355874885276,23
311,1052.436494538154,1147.3496159058423,1149.2832601628825,94.91312136768829,1.9336442570401655,23
312,1058.1626802904066,1149.2832601628825,1149.83431871003,91.1205798724759,0.5510585471474986,23
314,1061.2770659043615,1173.0,1173.4443305577297,111.7229340956385,0.44433055772978625,24
315,1063.9529916598935,1173.4443305577297,1174.415599264448,109.49133889783616,0.9712687067183575,24
316,1067.938554338481,1174.415599264448,1175.7358291137684,106.477044925967,1.3202298493203888,24
317,1068.8252278487464,1175.7358291137684,1176.2773628743296,106.91060126502202,0.5415337605612628,24
318,1073.8054868446532,1176.2773628743296,1177.9742658230543,102.47187602967642,1.696902948724787,24
319,1077.8773291753469,1177.9742658230543,1187.8118490435131,100.09693664770748,9.837583220458692,24
320,1083.6071963122522,1187.8118490435131,1188.4535833712148,104.20465273126092,0.6417343277017685,24
321,1083.7329370863729,1188.4535833712148,1190.1226777769225,104.7206462848419,1.6690944057076869,24
322,1086.0587371255283,1190.1226777769225,1192.4381256543095,104.0639406513942,2.315447877386933,24
323,1089.0321980842964,1192.4381256543095,1195.1685134828278,103.40592757001309,2.7303878285184067,24
324,1090.9667495775172,1195.1685134828278,1199.8585655043078,104.2017639053106,4.690052021479844,24
325,1093.4548988115903,1199.8585655043078,1201.7267876453523,106.40366669271748,1.8682221410444444,24
327,1095.772430438653,1224.0,1225.5504842742453,128.22756956134708,1.5504842742452658,25
281,895.0764584739401,1225.5504842742453,1227.0641598579266,330.4740258003052,1.513675583681286,25
328,1097.8854891180142,1227.0641598579266,1231.9590804426352,129.17867073991238,4.894920584708629,25
329,1099.2632820119968,1231.9590804426352,1235.5085621000987,132.69579843063843,3.549481657463424,25
330,1103.1964345934794,1235.5085621000987,1236.1026000441739,132.3121275066194,0.5940379440751604,25
331,1106.694286348333,1236.1026000441739,1237.417572674455,129.4083136958409,1.3149726302811084,25
332,1113.2323702690708,1237.417572674455,1240.162823891413,124.18520240538419,2.7452512169580228,25
333,1113.4686169747458,1240.162823891413,1240.9899653933226,126.6942069166671,0.8271415019096007,25
334,1116.7932672754594,1240.9899653933226,1241.234684217708,124.1966981178632,0.2447188243854224,25
335,1125.2513017595234,1241.234684217708,1247.822599298714,115.98338245818468,6.587915081005936,25
336,1129.8294443086734,1247.822599298714,1251.7568345478069,117.9931549900407,3.934235249092735,25
338,1132.0719208075197,1275.0,1276.7568346001215,142.92807919248025,1.756834600121572,26
339,1135.4200314422692,1276.7568346001215,1280.213472340095,141.33680315785227,3.4566377399736328,26
340,1143.2114503034063,1280.213472340095,1280.4428267973872,137.0020220366887,0.22935445729222298,26
341,1145.9932669789519,1280.4428267973872,1280.9755080626394,134.44955981843532,0.5326812652521948,26
342,1146.6142999071772,1280.9755080626394,1281.0261942426246,134.36120815546224,0.05068617998515394,26
343,1146.8885028378872,1281.0261942426246,1285.3385775780575,134.13769140473732,4.312383335432881,26
313,1058.6989064381664,1285.3385775780575,1286.9869461271278,226.6396711398911,1.6483685490701427,26
344,1153.7108369234568,1286.9869461271278,1287.487377562915,133.276109203671,0.5004314357873881,26
345,1155.7718965206006,1287.487377562915,1287.6179848782833,131.71548104231442,0.13060731536821038,26
346,1163.48774005171,1287.6179848782833,1291.0908843870675,124.13024482657329,3.4728995087841743,26
347,1165.4307806351826,1291.0908843870675,1295.8932136551618,125.66010375188489,4.802329268094424,26
348,1166.8440605191424,1295.8932136551618,1301.7404660556465,129.0491531360194,5.847252400484584,26
349,1169.7963702488998,1301.7404660556465,1302.0320535621227,131.94409580674665,0.29158750647607934,26
350,1170.7557470719182,1302.0320535621227,1303.241021674295,131.27630649020443,1.2089681121724132,26
352,1179.8274690220742,1326.0,1326.2092873777372,146.17253097792582,0.209287377737166,27
353,1192.5414442747363,1326.2092873777372,1328.5239764744438,133.6678431030009,2.314689096706659,27
354,1192.7090701024156,1328.5239764744438,1330.096545709925,135.8149063720282,1.5725692354813798,27
355,1195.8171921376738,1330.096545709925,1337.7157068470572,134.27935357225124,7.619161137132084,27
356,1196.941006385777,1337.7157068470572,1338.9286089049797,140.7747004612802,1.2129020579224674,27
326,1095.2135538283267,1338.9286089049797,1341.1025815985358,243.71505507665302,2.173972693556094,27
357,1202.2868553528347,1341.1025815985358,1343.155375843748,138.81572624570117,2.052794245212211,27
358,1205.5199618415115,1343.155375843748,1343.7136634907124,137.63541400223653,0.5582876469643461,27
359,1209.7742512270595,1343.7136634907124,1343.982839129453,133.9394122636529,0.2691756387405694,27
360,1217.5649675035245,1343.982839129453,1345.6457182252088,126.41787162592846,1.6628790957559996,27
361,1221.9586728968738,1345.6457182252088,1346.1099792780212,123.68704532833499,0.46426105281247815,27
362,1223.1243867549447,1346.1099792780212,1346.5965476968865,122.98559252307655,0.48656841886536245,27
363,1223.7682135440518,1346.5965476968865,1350.6723090924188,122.82833415283471,4.075761395532265,27
364,1224.2407058109075,1350.6723090924188,1350.9916003444741,126.43160328151134,0.31929125205525916,27
365,1236.098991434176,1350.9916003444741,1355.6074195432152,114.89260891029812,4.615819198741077,27
366,1241.9029860152589,1355.6074195432152,1355.919997425856,113.70443352795633,0.31257788264083025,27
337,1131.7264803056282,1377.0,1377.088666798123,245.27351969437177,0.08866679812313616,28
368,1253.7293847491892,1377.088666798123,1380.1464758728723,123.35928204893389,3.057809074749266,28
369,1265.1275696483704,1380.1464758728723,1381.6204701101994,115.01890622450196,1.4739942373270871,28
370,1267.691252685176,1381.6204701101994,1382.8456055795493,113.92921742502335,1.2251354693498702,28
371,1269.7131758575338,1382.8456055795493,1389.4955334077267,113.13242972201556,6.649927828177466,28
372,1273.437410589813,1389.4955334077267,1391.8128790843298,116.05812281791373,2.3173456766030838,28
373,1277.156681346692,1391.8128790843298,1396.6221330851035,114.65619773763774,4.809254000773671,28
374,1286.5509728524182,1396.6221330851035,1398.627338106752,110.07116023268532,2.0052050216483184,28
375,1294.778037035203,1398.627338106752,1399.413972820147,103.84930107154901,0.7866347133950191,28
377,1297.7369640666045,1428.0,1428.1389859390374,130.26303593339549,0.1389859390373606,29
378,1298.0777819707082,1428.1389859390374,1431.7038547667723,130.0612039683292,3.5648688277350216,29
351,1176.9767233863647,1431.7038547667723,1431.9069557385699,254.72713138040763,0.20310097179761571,29
379,1305.3533315141037,1431.9069557385699,1435.247129463735,126.55362422446615,3.340173725165227,29
380,1315.0809696959577,1435.247129463735,1436.8726615746812,120.16615976777734,1.625532110946009,29
381,1315.4285498077893,1436.8726615746812,1438.521846682375,121.44411176689187,1.6491851076938484,29
382,1317.6687666548307,1438.521846682375,1439.3217453227708,120.85308002754437,0.7998986403957249,29
383,1317.779644759413,1439.3217453227708,1441.5110288062538,121.54210056335774,2.1892834834828827,29
384,1319.3225681525726,1441.5110288062538,1445.562332201598,122.1884606536812,4.051303395344401,29
385,1321.2754949605414,1445.562332201598,1447.3969651732814,124.28683724105667,1.834632971683233,29
386,1331.2984875386244,1447.3969651732814,1448.2636026170937,116.098477634657,0.8666374438122879,29
387,1332.77921128332,1448.2636026170937,1449.9887164154943,115.48439133377383,1.7251137984005713,29
388,1334.4716440342297,1449.9887164154943,1450.4671068146308,115.5170723812646,0.4783903991365742,29
389,1335.173259754994,1450.4671068146308,1452.6056194771018,115.29384705963685,2.1385126624710376,29
390,1335.6075618026446,1452.6056194771018,1453.1134562002414,116.99805767445719,0.5078367231398019,29
391,1341.8878722264194,1453.1134562002414,1453.3425241985706,111.22558397382204,0.2290679983290687,29
392,1344.9184754433193,1453.3425241985706,1457.0760086405833,108.4240487552513,3.7334844420126228,29
394,1349.9848655196804,1479.0,1480.6709017367723,129.0151344803196,1.6709017367723298,30
395,1351.3126320334077,1480.6709017367723,1481.69516917467,129.3582697033646,1.024267437897518,30
396,1351.3220972976474,1481.69516917467,1482.0011793735332,130.37307187702254,0.30601019886319913,30
367,1242.4086644398888,1482.0011793735332,1484.0069038538038,239.59251493364445,2.0057244802705156,30
397,1357.838071844498,1484.0069038538038,1484.0691775699022,126.16883200930579,0.062273716098480654,30
398,1358.4772802709158,1484.0691775699022,1486.810899803286,125.5918972989864,2.7417222333839275,30
399,1362.0836976816488,1486.810899803286,1487.6446476320866,124.72720212163722,0.833747828800594,30
400,1362.2631035824797,1487.6446476320866,1488.5688871059283,125.38154404960687,0.9242394738416294,30
401,1366.7754485432504,1488.5688871059283,1490.245665689691,121.79343856267792,1.6767785837625888,30
402,1368.931225558338,1490.245665689691,1490.4232342176192,121.31444013135297,0.1775685279283187,30
403,1373.9484077374152,1490.4232342176192,1490.5313206276348,116.474826480204,0.10808641001566077,30
404,1376.2845883471634,1490.5313206276348,1490.8738699784753,114.2467322804714,0.3425493508404491,30
405,1385.9779481423789,1490.8738699784753,1492.7976922835721,104.89592183609648,1.9238223050968377,30
406,1386.1871277508685,1492.7976922835721,1495.0392161285858,106.61056453270362,2.241523845013621,30
407,1388.360362811064,1495.0392161285858,1496.3689642652453,106.67885331752177,1.3297481366594444,30
408,1390.0721117682317,1496.3689642652453,1497.5359152799788,106.29685249701356,1.1669510147335211,30
409,1392.3183512924077,1497.5359152799788,1498.174031929679,105.21756398757111,0.6381166497001102,30
410,1392.5727886675663,1498.174031929679,1498.4156966832768,105.60124326211258,0.24166475359791142,30
411,1392.853592643741,1498.4156966832768,1499.5396315018309,105.56210403953582,1.1239348185540248,30
412,1395.9777675135228,1499.5396315018309,1500.2056780004996,103.561863988308,0.6660464986686141,30
413,1396.2042297712921,1500.2056780004996,1502.475107966001,104.00144822920743,2.269429965501324,30
414,1397.2762487470482,1502.475107966001,1504.6751298510762,105.19885921895275,2.2000218850752518,30
376,1296.5271987866336,1504.6751298510762,1504.690563418749,208.14793106444267,0.015433567672640284,30
415,1399.925788684178,1504.690563418749,1505.4079727436504,104.76477473457089,0.7174093249014772,30
416,1401.9411727701445,1505.4079727436504,1505.8825438511033,103.46679997350589,0.47457110745282977,30
417,1405.0410080472284,1505.8825438511033,1506.1777692614455,100.84153580387488,0.29522541034216676,30
418,1405.3891684194562,1506.1777692614455,1506.7679065108016,100.78860084198936,0.5901372493560173,30
419,1409.4222412863662,1506.7679065108016,1507.5632645754526,97.34566522443538,0.7953580646510467,30
420,1412.9303899620618,1507.5632645754526,1507.9496934386038,94.63287461339087,0.3864288631512949,30
422,1415.7973179720666,1530.0,1531.7038154498089,114.2026820279334,1.7038154498089597,31
423,1417.1769779500657,1531.7038154498089,1534.1761117059348,114.52683749974312,2.472296256125886,31
424,1419.1910411629954,1534.1761117059348,1534.4208388148957,114.98507054293941,0.24472710896080566,31
425,1420.9838297435153,1534.4208388148957,1534.4629930735641,113.43700907138032,0.04215425866843034,31
426,1421.3168803762123,1534.4629930735641,1535.248391491989,113.14611269735178,0.7853984184247824,31
427,1423.1717396782751,1535.248391491989,1537.1737167691094,112.07665181371385,1.9253252771205074,31
428,1426.8182289392353,1537.1737167691094,1540.74160788101,110.35548782987416,3.5678911119004555,31
429,1427.370323526553,1540.74160788101,1541.299228235916,113.37128435445698,0.5576203549060754,31
430,1435.9161753095475,1541.299228235916,1543.0769261286487,105.38305292636846,1.7776978927325962,31
431,1438.8595530591808,1543.0769261286487,1544.5614436019919,104.21737306946784,1.484517473343123,31
432,1439.2941268691943,1544.5614436019919,1545.5690333862917,105.26731673279755,1.0075897842998585,31
433,1440.748572872248,1545.5690333862917,1546.3119567388605,104.82046051404382,0.742923352568881,31
434,1445.3733462355874,1546.3119567388605,1547.1415132647426,100.93861050327314,0.8295565258820349,31
435,1456.8885284240343,1547.1415132647426,1547.5096779762341,90.25298484070822,0.368164711491572,31
393,1345.1553999403166,1547.5096779762341,1548.9383513153748,202.35427803591756,1.4286733391407813,31
436,1458.4157670432046,1548.9383513153748,1553.6656289751852,90.5225842721702,4.727277659810461,31
437,1463.9031428737894,1553.6656289751852,1557.0835776122892,89.76248610139578,3.417948637104111,31
438,1469.5901319695015,1557.0835776122892,1557.622656508835,87.49344564278772,0.5390788965457092,31
439,1475.486098762124,1557.622656508835,1557.9393452737197,82.1365577467111,0.3166887648847677,31
440,1476.1492936698824,1557.9393452737197,1558.3788234868161,81.79005160383736,0.4394782130965262,31
442,1478.7654373537755,1581.0,1584.9938345978667,102.2345626462245,3.993834597866772,32
443,1478.7858523736452,1584.9938345978667,1585.3211264356505,106.2079822242215,0.327291837783828,32
444,1485.5830699811308,1585.3211264356505,1585.462585747218,99.73805645451966,0.14145931156754177,32
445,1486.3905394793182,1585.462585747218,1586.6301242680067,99.07204626789985,1.1675385207885864,32
446,1488.2053341902622,1586.6301242680067,1587.272391491179,98.42479007774455,0.6422672231722044,32
447,1493.2048230198457,1587.272391491179,1588.0157013791536,94.06756847133329,0.7433098879746985,32
448,1494.263474717753,1588.0157013791536,1589.21834702187,93.75222666140053,1.2026456427162544,32
449,1497.8785681101624,1589.21834702187,1589.3354918379887,91.33977891170753,0.11714481611882342,32
450,1502.5661182058325,1589.3354918379887,1589.4951611325037,86.7693736321562,0.15966929451503112,32
451,1502.7210550822708,1589.4951611325037,1593.4890422726592,86.77410605023283,3.993881140155608,32
452,1504.3975960195523,1593.4890422726592,1595.3981097387075,89.09144625310682,1.9090674660482314,32
453,1507.446277841702,1595.3981097387075,1596.8128770885412,87.95183189700538,1.4147673498337687,32
454,1507.4721442988784,1596.8128770885412,1598.4291689514378,89.34073278966275,1.616291862896522,32
421,1414.9326170438753,1598.4291689514378,1602.953529220971,183.49655190756243,4.524360269533287,32
455,1512.0535496843647,1602.953529220971,1604.1482351064717,90.89997953660622,1.1947058855008639,32
456,1518.0264986563225,1604.1482351064717,1606.2584067543007,86.12173645014923,2.1101716478290475,32
457,1526.4943842436571,1606.2584067543007,1607.0342272436437,79.7640225106436,0.7758204893429814,32
458,1533.098714616475,1607.0342272436437,1608.325339010058,73.93551262716869,1.2911117664144522,32
459,1534.901245040688,1608.325339010058,1608.4530803919788,73.42409396937,0.12774138192060291,32
460,1540.2881471470835,1608.4530803919788,1608.6715985518558,68.16493324489534,0.21851815987692658,32
462,1546.7990360977644,1632.0,1636.7362257460657,85.20096390223557,4.736225746065561,33
463,1548.1492631666238,1636.7362257460657,1637.5472420723174,88.58696257944189,0.8110163262517065,33
464,1548.552824487847,1637.5472420723174,1639.2953312462075,88.99441758447051,1.7480891738901665,33
465,1550.9303313567427,1639.2953312462075,1639.6003016026616,88.3649998894648,0.3049703564541224,33
466,1552.3630721822085,1639.6003016026616,1640.4613160878828,87.2372294204531,0.8610144852211278,33
467,1556.6953158967378,1640.4613160878828,1642.8591537012583,83.76600019114494,2.3978376133755352,33
441,1477.3812713281204,1642.8591537012583,1644.6670937311833,165.47788237313785,1.8079400299249584,33
468,1562.3206475800507,1644.6670937311833,1650.2284064740502,82.34644615113257,5.561312742866948,33
469,1567.0806936567917,1650.2284064740502,1651.173794744256,83.14771281725848,0.9453882702057325,33
470,1571.7614859401256,1651.173794744256,1653.3918255722583,79.41230880413036,2.218030828002474,33
471,1576.5168346400253,1653.3918255722583,1656.9235292255844,76.874990932233,3.53170365332601,33
472,1579.2876400261073,1656.9235292255844,1659.236527605282,77.6358891994771,2.3129983796974445,33
473,1582.5528227282302,1659.236527605282,1660.7312838701819,76.6837048770517,1.4947562648998742,33
475,1587.0443966137345,1683.0,1683.354064449028,95.95560338626547,0.3540644490280663,34
476,1587.2371014810515,1683.354064449028,1686.913865262709,96.11696296797663,3.559800813680897,34
477,1589.5968670671268,1686.913865262709,1687.275804203045,97.31699819558207,0.3619389403361064,34
478,1596.0403565255301,1687.275804203045,1688.4271491395086,91.23544767751491,1.1513449364636397,34
479,1598.111091127478,1688.4271491395086,1690.6834141819406,90.31605801203068,2.256265042432082,34
480,1603.3422298209346,1690.6834141819406,1691.8581030626353,87.34118436100607,1.1746888806946179,34
461,1540.5956728562614,1691.8581030626353,1694.6190180649548,151.2624302063739,2.7609150023195026,34
481,1608.8747725597239,1694.6190180649548,1695.359603693322,85.74424550523099,0.7405856283671287,34
482,1613.05099721317,1695.359603693322,1698.6666327454898,82.3086064801521,3.3070290521678576,34
483,1613.682388434281,1698.6666327454898,1702.2716272854339,84.98424431120884,3.6049945399441086,34
484,1614.6313158342866,1702.2716272854339,1703.5102314055407,87.64031145114723,1.2386041201067706,34
485,1617.097018166294,1703.5102314055407,1704.1721670844101,86.41321323924672,0.6619356788694221,34
486,1618.8488486559534,1704.1721670844101,1705.134287935727,85.32331842845679,0.9621208513168067,34
487,1620.2256635871981,1705.134287935727,1706.6335527994954,84.90862434852875,1.499264863768479,34
489,1623.9267872574894,1734.0,1737.809848022274,110.07321274251058,3.809848022274073,35
490,1624.2577024904604,1737.809848022274,1738.4469315661383,113.55214553181372,0.6370835438642574,35
491,1628.038977548781,1738.4469315661383,1743.1611452574418,110.40795401735727,4.714213691303441,35
492,1629.1532455616875,1743.1611452574418,1743.663300473567,114.0078996957543,0.5021552161251485,35
493,1632.7157614070425,1743.663300473567,1744.863080469614,110.94753906652454,1.1997799960469395,35
494,1639.6016703540402,1744.863080469614,1745.7233700264549,105.26141011557388,0.8602895568409205,35
495,1651.0436034661418,1745.7233700264549,1745.7774346126198,94.67976656031306,0.054064586164849125,35
496,1656.6357211308439,1745.7774346126198,1745.886889586154,89.14171348177592,0.10945497353408087,35
474,1585.842022360192,1745.886889586154,1747.2812285633383,160.04486722596198,1.3943389771842778,35
497,1661.1102941939635,1747.2812285633383,1747.8190226688587,86.17093436937489,0.537794105520394,35
498,1662.9456859772306,1747.8190226688587,1758.2342769857587,84.87333669162808,10.415254316900047,35
499,1664.4428446121221,1758.2342769857587,1760.3336965861972,93.79143237363655,2.0994196004384666,35
500,1665.9440253452328,1760.3336965861972,1763.4681844250947,94.38967124096439,3.1344878388975377,35
502,1668.6575424807036,1785.0,1785.2349964168495,116.34245751929643,0.2349964168495554,36
503,1669.0129719301076,1785.2349964168495,1789.9458479144319,116.22202448674193,4.710851497582324,36
504,1675.021426233228,1789.9458479144319,1790.4998284740545,114.92442168120374,0.5539805596227843,36
505,1675.149687502568,1790.4998284740545,1791.6213975412215,115.35014097148655,1.121569067166903,36
506,1676.5184373532318,1791.6213975412215,1792.1717566230493,115.10296018798977,0.5503590818277564,36
507,1681.3642692776373,1792.1717566230493,1793.2494099797852,110.80748734541203,1.0776533567359214,36
508,1681.8324979097556,1793.2494099797852,1795.4329095693083,111.41691207002964,2.183499589522989,36
509,1683.4083619621065,1795.4329095693083,1795.573066467997,112.02454760720184,0.14015689868867232,36
510,1688.323230298347,1795.573066467997,1796.988888517786,107.24983616965005,1.4158220497890666,36
511,1690.086860550829,1796.988888517786,1805.8906108002973,106.90202796695712,8.901722282511138,36
512,1690.9908351499623,1805.8906108002973,1806.8806916452131,114.89977565033496,0.9900808449159354,36
513,1692.1087416424616,1806.8806916452131,1808.9000864473005,114.77195000275151,2.0193948020872865,36
514,1694.0950407750558,1808.9000864473005,1809.4852083866956,114.80504567224466,0.585121939395134,36
515,1696.6403526801687,1809.4852083866956,1809.5179595508173,112.84485570652691,0.03275116412163017,36
516,1698.7504281674355,1809.5179595508173,1812.6252094000051,110.76753138338177,3.1072498491877467,36
488,1623.6995056882447,1836.0,1836.6947015875694,212.3004943117553,0.6947015875693074,37
518,1714.1559373649568,1836.6947015875694,1836.7803202358289,122.5387642226126,0.08561864825944326,37
519,1719.8148539764577,1836.7803202358289,1842.1975503555504,116.96546625937117,5.417230119721689,37
520,1720.773808491723,1842.1975503555504,1844.9966412465494,121.42374186382744,2.7990908909990657,37
521,1724.1902475683246,1844.9966412465494,1848.0325619910823,120.80639367822482,3.0359207445328322,37
522,1731.0982540294917,1848.0325619910823,1848.8392707248074,116.93430796159055,0.8067087337252344,37
523,1737.3319320940748,1848.8392707248074,1849.1051338887455,111.50733863073265,0.2658631639381152,37
524,1738.450468333153,1849.1051338887455,1850.0229263375475,110.6546655555926,0.9177924488020297,37
525,1738.9818168529941,1850.0229263375475,1854.4281618325065,111.04110948455332,4.405235494959031,37
526,1740.89953473372,1854.4281618325065,1858.9288587240599,113.5286270987865,4.500696891553464,37
527,1750.6543803529667,1858.9288587240599,1860.3000233630294,108.27447837109321,1.3711646389694725,37
528,1752.2205934078816,1860.3000233630294,1861.6764357477466,108.07942995514782,1.3764123847172376,37
530,1761.6178081855955,1887.0,1887.7319961277785,125.38219181440445,0.7319961277786057,38
531,1762.7448239344073,1887.7319961277785,1888.8426523691337,124.98717219337118,1.1106562413551615,38
501,1668.1642227982136,1888.8426523691337,1891.1835015425797,220.67842957092012,2.3408491734461294,38
532,1768.6466751757641,1891.1835015425797,1891.2700581494078,122.5368263668156,0.08655660682801862,38
533,1768.6642252901165,1891.2700581494078,1895.3510718121952,122.60583285929124,4.081013662787446,38
534,1768.9393599897153,1895.3510718121952,1895.993012843532,126.4117118224799,0.6419410313367973,38
535,1769.924733331887,1895.993012843532,1903.8197886358955,126.06827951164496,7.826775792363699,38
536,1775.9300206297955,1903.8197886358955,1903.9758007261953,127.88976800609998,0.15601209029977572,38
537,1778.430995005917,1903.9758007261953,1906.005331511295,125.54480572027819,2.0295307850996642,38
538,1778.8238891964252,1906.005331511295,1906.9082798590841,127.18144231486986,0.9029483477891339,38
539,1780.0182920678008,1906.9082798590841,1910.1381455787914,126.88998779128337,3.2298657197073024,38
540,1781.8330468479237,1910.1381455787914,1912.4133338322638,128.3050987308677,2.275188253472297,38
542,1790.124916369153,1938.0,1940.8801032449423,147.87508363084703,2.880103244942305,39
543,1790.641551967427,1940.8801032449423,1941.8952120249642,150.2385512775154,1.015108780021769,39
544,1793.8216102233316,1941.8952120249642,1942.4695408461369,148.07360180163255,0.5743288211726759,39
545,1794.1199516499237,1942.4695408461369,1942.7103732231783,148.34958919621317,0.24083237704141855,39
546,1806.3704640583164,1942.7103732231783,1945.3715239046649,136.33990916486187,2.6611506814865,39
547,1808.487574622881,1945.3715239046649,1946.3502634167573,136.88394928178377,0.9787395120923948,39
517,1700.2791423944866,1946.3502634167573,1947.9998422406347,246.07112102227075,1.6495788238774536,39
548,1821.7055523778067,1947.9998422406347,1959.234196285839,126.29428986282801,11.234354045204318,39
549,1827.3034576362131,1959.234196285839,1960.4373120615421,131.93073864962594,1.2031157757029876,39
550,1830.633306947238,1960.4373120615421,1961.6152871267254,129.80400511430412,1.1779750651832066,39
551,1836.1954568615013,1961.6152871267254,1961.7990588560945,125.41983026522416,0.183771729368995,39
552,1836.3447726812867,1961.7990588560945,1964.090021793892,125.45428617480775,2.2909629377974507,39
553,1837.0863762244603,1964.090021793892,1967.8254188573287,127.00364556943168,3.7353970634367135,39
555,1842.111498454823,1989.0,1990.6043485260718,146.88850154517695,1.6043485260717463,40
556,1843.0851991742452,1990.6043485260718,1990.7846695101794,147.51914935182663,0.18032098410750705,40
557,1843.7921465749148,1990.7846695101794,1991.5247420376877,146.99252293526456,0.7400725275084177,40
558,1845.2640478877952,1991.5247420376877,2007.1482059911073,146.26069414989252,15.62346395341962,40
559,1851.9587519413367,2007.1482059911073,2009.204543032153,155.18945404977057,2.056337041045629,40
560,1856.4916759718774,2009.204543032153,2010.400124292771,152.71286706027558,1.1955812606178418,40
561,1858.1210460177501,2010.400124292771,2012.6796741667392,152.27907827502077,2.279549873968443,40
529,1761.1243561830186,2012.6796741667392,2013.5244332162956,251.55531798372067,0.8447590495562932,40
562,1870.2513242982136,2013.5244332162956,2017.731248539822,143.27310891808202,4.2068153235263654,40
563,1874.5799290300156,2017.731248539822,2018.1329442959322,143.1513195098064,0.40169575611023306,40
565,1883.4143748114125,2040.0,2041.3966135155965,156.58562518858753,1.396613515596439,41
566,1886.0427115963332,2041.3966135155965,2041.7659883863487,155.3539019192633,0.3693748707522392,41
567,1886.320899979956,2041.7659883863487,2042.100919537601,155.44508840639264,0.33493115125234424,41
568,1889.9259563639653,2042.100919537601,2044.2510990293126,152.17496317363566,2.1501794917118064,41
569,1891.3698421231936,2044.2510990293126,2046.8015552702882,152.881256906119,2.550456240975589,41
570,1892.8189357516467,2046.801555270288,2050.498595952631,153.9826195186415,3.6970406823431006,41
541,1787.0976784019288,2050.498595952631,2052.157070655308,263.4009175507024,1.658474702676812,41
571,1913.7952451272256,2052.157070655308,2052.214638245654,138.36182552808236,0.05756759034592881,41
572,1914.3087786728568,2052.214638245654,2052.3076934838778,137.90585957279723,0.09305523822374352,41
573,1917.4267936727117,2052.3076934838778,2054.3590886286497,134.88089981116605,2.0513951447721834,41
574,1922.49382395316,2054.3590886286497,2056.0787734730457,131.8652646754897,1.7196848443957358,41
575,1924.0145724704491,2056.0787734730457,2058.9918552313725,132.06420100259652,2.9130817583266317,41
576,1925.6234068207864,2058.9918552313725,2060.37031718971,133.3684484105861,1.3784619583377549,41
577,1928.4153491643947,2060.37031718971,2062.343550513571,131.95496802531534,1.9732333238605846,41
578,1938.3236005261706,2062.343550513571,2068.620455506131,124.0199499874002,6.276904992560222,41
579,1941.1673749616177,2068.620455506131,2069.3264870041476,127.45308054451311,0.7060314980167823,41
580,1944.6626012063437,2069.3264870041476,2069.4780322344272,124.66388579780391,0.15154523027981198,41
581,1946.966724295577,2069.4780322344272,2069.6015980141133,122.51130793885022,0.12356577968604104,41
583,1949.9486995968439,2091.0,2092.910985600055,141.05130040315612,1.910985600055148,42
584,1951.0696325431759,2092.910985600055,2096.920507378412,141.84135305687914,4.0095217783568575,42
585,1953.3219680455447,2096.920507378412,2097.670519599368,143.59853933286718,0.7500122209561703,42
586,1953.758084519093,2097.670519599368,2100.5509344002035,143.91243508027515,2.8804148008353874,42
587,1960.145223491737,2100.5509344002035,2101.93227373805,140.40571090846652,1.3813393378465997,42
588,1967.7767631184909,2101.93227373805,2102.670175081988,134.15551061955898,0.7379013439381145,42
554,1839.5010349133101,2102.670175081988,2108.479502839331,263.1691401686778,5.809327757342886,42
589,1969.0602846084494,2108.479502839331,2108.9640139510634,139.4192182308816,0.48451111173228734,42
590,1969.2840965915655,2108.9640139510634,2109.8345076460264,139.67991735949795,0.8704936949628271,42
591,1971.8882976449904,2109.8345076460264,2109.938232252465,137.94621000103598,0.10372460643820726,42
592,1978.2424369809573,2109.938232252465,2111.304206999822,131.69579527150745,1.3659747473569293,42
593,1980.6118163505519,2111.304206999822,2115.584110438172,130.69239064927,4.279903438349963,42
594,1981.359715573156,2115.584110438172,2116.85608275101,134.22439486501594,1.2719723128377687,42
595,1981.8581081698765,2116.85608275101,2120.6129718787042,134.99797458113358,3.75688912769435,42
597,1992.4925816005855,2142.0,2149.384395139053,149.50741839941452,7.384395139053222,43
598,1996.7223711785368,2149.384395139053,2152.5528833400413,152.6620239605163,3.168488200988226,43
599,1999.2087247949173,2152.5528833400413,2155.365593189308,153.34415854512395,2.8127098492667115,43
600,2004.0955586668472,2155.365593189308,2156.7887146017165,151.27003452246095,1.4231214124081748,43
601,2004.35093157367,2156.7887146017165,2156.8814378727648,152.4377830280464,0.09272327104828801,43
602,2016.314949608104,2156.8814378727648,2157.176203345976,140.56648826466085,0.2947654732112657,43
564,1877.6547385785798,2157.176203345976,2157.986255870864,279.5214647673961,0.810052524888322,43
603,2021.3660282029427,2157.986255870864,2159.2701914276818,136.62022766792143,1.2839355568174606,43
604,2023.255104821881,2159.2701914276818,2160.491441207301,136.01508660580066,1.2212497796190447,43
605,2023.4451292394585,2160.491441207301,2162.35557283283,137.04631196784226,1.8641316255291838,43
606,2023.8870396815673,2162.35557283283,2163.150465068392,138.46853315126282,0.7948922355618502,43
607,2024.4406158322126,2163.150465068392,2163.50513798464,138.70984923617925,0.35467291624807173,43
608,2025.7392259170738,2163.50513798464,2166.194056433848,137.7659120675662,2.688918449207991,43
609,2027.1548366579023,2166.194056433848,2166.905219924468,139.03921977594564,0.7111634906200799,43
610,2034.66513540299,2166.905219924468,2167.725291355802,132.2400845214779,0.8200714313337993,43
611,2037.3330662652681,2167.725291355802,2171.2491807470383,130.39222509053366,3.523889391236372,43
613,2038.981213909543,2193.0,2196.0548311749753,154.01878609045707,3.054831174975271,44
614,2041.5227144559296,2196.0548311749753,2199.0484968060055,154.5321167190457,2.9936656310301593,44
615,2050.991244627901,2199.0484968060055,2201.604454047426,148.0572521781046,2.5559572414202387,44
616,2056.805645682143,2201.604454047426,2201.9783474683095,144.79880836528264,0.37389342088375804,44
617,2058.601844241533,2201.9783474683095,2203.961589976552,143.37650322677655,1.9832425082429277,44
618,2061.9980206503114,2203.961589976552,2207.6413954363957,141.96356932624076,3.679805459843465,44
619,2063.1381138524357,2207.6413954363957,2207.7055546474767,144.50328158395996,0.06415921108100989,44
620,2065.3367994374325,2207.7055546474767,2213.6264845610567,142.36875521004413,5.920929913580031,44
582,1947.9784206086026,2213.6264845610567,2216.609548123606,265.6480639524541,2.983063562549367,44
621,2070.7806587329046,2216.609548123606,2220.7338158411603,145.82888939070153,4.124267717554135,44
622,2072.9877764603225,2220.7338158411603,2220.862426348018,147.74603938083783,0.1286105068573191,44
623,2073.748393143881,2220.862426348018,2221.1596177561446,147.11403320413683,0.29719140812654565,44
624,2074.997771329036,2221.1596177561446,2221.624343859775,146.16184642710869,0.46472610363029143,44
625,2079.4144720297772,2221.624343859775,2222.4105758100495,142.2098718299976,0.7862319502745305,44
627,2083.7065842266516,2244.0,2244.6821773366573,160.29341577334844,0.6821773366575477,45
628,2084.9877947541286,2244.6821773366573,2247.123657588544,159.69438258252876,2.441480251886716,45
629,2087.081944050237,2247.123657588544,2252.5507996574597,160.04171353830725,5.427142068915778,45
630,2088.1194549474085,2252.5507996574597,2252.8107302736153,164.43134471005123,0.2599306161557436,45
631,2089.0691585869677,2252.8107302736153,2255.068598516438,163.7415716866476,2.2578682428229326,45
632,2089.4085724791266,2255.068598516438,2261.253475360201,165.66002603731158,6.184876843762576,45
633,2090.551202319411,2261.253475360201,2261.939731460758,170.7022730407898,0.686256100557551,45
634,2092.1670409235417,2261.939731460758,2262.618048099104,169.77269053721648,0.6783166383457638,45
635,2093.1183023736685,2262.618048099104,2265.1225633040212,169.49974572543533,2.5045152049173622,45
636,2093.6982887268873,2265.1225633040212,2265.9729711320356,171.42427457713393,0.8504078280145321,45
637,2095.02048118791,2265.9729711320356,2266.565593459031,170.95248994412577,0.5926223269955101,45
638,2097.893843266049,2266.565593459031,2267.8699082292524,168.67175019298202,1.3043147702214026,45
639,2100.1927908243497,2267.8699082292524,2268.321372043692,167.67711740490267,0.4514638144396387,45
640,2102.602921514788,2268.321372043692,2273.7282119318043,165.7184505289042,5.406839888112097,45
642,2105.0280712368713,2295.0,2300.4677239112284,189.97192876312874,5.467723911228361,46
643,2116.3673928290664,2300.4677239112284,2301.7657874602774,184.10033108216203,1.298063549049036,46
644,2118.9319278949297,2301.7657874602774,2302.210714961808,182.83385956534767,0.444927501530946,46
596,1987.0661941969215,2302.210714961808,2302.9854772936164,315.1445207648867,0.7747623318084292,46
645,2120.811087594137,2302.9854772936164,2305.0618173733696,182.17438969947943,2.07634007975336,46
646,2125.1449084462247,2305.0618173733696,2309.832380784294,179.91690892714496,4.770563410924437,46
647,2126.663600167434,2309.832380784294,2310.019817264645,183.16878061685975,0.18743648035110522,46
648,2127.385216490103,2310.019817264645,2311.727075299328,182.63460077454192,1.7072580346831732,46
649,2130.070868243579,2311.727075299328,2313.2591661077636,181.6562070557493,1.5320908084353857,46
650,2130.325453251311,2313.2591661077636,2318.7779387769137,182.93371285645253,5.518772669150241,46
651,2135.1442442251737,2318.7779387769137,2319.1628395998428,183.63369455174006,0.3849008229289569,46
652,2150.204709889887,2319.1628395998428,2323.4411373123476,168.95812970995576,4.278297712504635,46
654,2160.9052735555238,2346.0,2346.6697197010094,185.09472644447624,0.6697197010093955,47
655,2163.3207724847857,2346.6697197010094,2355.70760745144,183.34894721622368,9.03788775043058,47
612,2037.7788197138289,2355.70760745144,2361.287012164503,317.92878773761095,5.579404713062819,47
656,2178.8831764894244,2361.287012164503,2362.549313824279,182.40383567507843,1.2623016597761219,47
657,2181.804357388621,2362.549313824279,2362.788338095952,180.74495643565797,0.23902427167307813,47
658,2187.115498107314,2362.788338095952,2363.142992425167,175.67283998863786,0.3546543292151239,47
659,2187.20552686171,2363.142992425167,2364.371348262009,175.93746556345695,1.2283558368423497,47
660,2189.350782782567,2364.371348262009,2367.039647126702,175.0205654794422,2.6682988646928956,47
661,2200.728757195182,2367.039647126702,2369.8713633155717,166.31088993152025,2.83171618886949,47
662,2203.6485062158695,2369.8713633155717,2373.7492830917463,166.2228570997022,3.8779197761746826,47
664,2210.6771643267098,2397.0,2398.396401742896,186.32283567329023,1.3964017428959385,48
665,2211.224511599442,2398.396401742896,2400.828202623436,187.17189014345422,2.431800880539847,48
666,2215.1338383657426,2400.828202623436,2401.0780046686386,185.69436425769345,0.2498020452025879,48
626,2080.9574496452638,2401.0780046686386,2406.0349884657912,320.1205550233749,4.956983797152578,48
667,2223.574711074973,2406.0349884657912,2406.529678074971,182.4602773908182,0.49468960917950605,48
668,2226.059529438601,2406.529678074971,2406.862225460914,180.4701486363697,0.3325473859431289,48
669,2226.693433416489,2406.862225460914,2409.6167744832183,180.16879204442512,2.7545490223040585,48
670,2228.090258278337,2409.6167744832183,2411.210390583059,181.52651620488132,1.5936160998409297,48
671,2229.548258707597,2411.210390583059,2412.7526845159027,181.6621318754619,1.542293932843879,48
672,2233.802502521602,2412.7526845159027,2413.2455386133097,178.9501819943007,0.49285409740718755,48
673,2234.6515715231485,2413.2455386133097,2413.8141552979023,178.5939670901612,0.568616684592396,48
674,2246.6802841565677,2413.8141552979023,2416.625024439383,167.13387114133457,2.8108691414811235,48
675,2247.951351080393,2416.625024439383,2416.7958576793612,168.67367335899007,0.17083323997788122,48
676,2253.2404330928157,2416.7958576793612,2417.979740968122,163.55542458654554,1.1838832887605375,48
677,2254.83224200333,2417.979740968122,2418.1423839160016,163.1474989647918,0.16264294787954844,48
678,2260.5183243443075,2418.1423839160016,2419.803384092441,157.62405957169403,1.6610001764394962,48
679,2265.960949598346,2419.803384092441,2419.9308789288457,153.84243449409496,0.12749483640498993,48
680,2267.907851529896,2419.9308789288457,2421.5174737321536,152.02302739894958,1.5865948033077424,48
681,2270.4859918234583,2421.5174737321536,2422.9258376371813,151.03148190869524,1.4083639050278247,48
641,2102.6810851539703,2422.9258376371813,2423.2505281884105,320.24475248321096,0.3246905512292355,48
682,2274.456962574676,2423.2505281884105,2424.045872208305,148.7935656137347,0.7953440198942079,48
683,2277.644535986915,2424.045872208305,2425.5152341532707,146.40133622139,1.4693619449656987,48
684,2278.570123814565,2425.5152341532707,2425.975070763565,146.94511033870594,0.4598366102940149,48
685,2281.094260410225,2425.975070763565,2426.1657627422496,144.8808103533397,0.19069197868467067,48
687,2285.6593955688986,2448.0,2453.453940082219,162.34060443110138,5.453940082218911,49
688,2290.5694362906625,2453.453940082219,2453.518438753492,162.88450379155665,0.06449867127271464,49
689,2290.586752679499,2453.518438753492,2454.5698670255333,162.93168607399275,1.0514282720412826,49
690,2293.251057622194,2454.5698670255333,2457.5003002946855,161.3188094033394,2.930433269152192,49
691,2302.0726587370355,2457.5003002946855,2465.1642564216554,155.42764155765008,7.663956126969687,49
692,2313.1454966644546,2465.1642564216554,2466.254959227229,152.01875975720077,1.0907028055735317,49
693,2317.4260389786587,2466.254959227229,2467.219045637461,148.82892024857028,0.9640864102319572,49
653,2151.5851448708354,2467.219045637461,2471.2936540450396,315.63390076662563,4.074608407578645,49
694,2325.5743429040035,2471.2936540450396,2476.038967813177,145.7193111410361,4.745313768137494,49
695,2327.260439852055,2476.038967813177,2476.9810418473576,148.7785279611221,0.9420740341805154,49
697,2340.452405891733,2499.0,2502.4672879839645,158.54759410826682,3.4672879839644155,50
698,2343.2498773172433,2502.4672879839645,2505.049430506243,159.2174106667212,2.582142522278668,50
699,2343.628228899242,2505.049430506243,2508.3654076439802,161.42120160700097,3.3159771377371414,50
700,2357.208837205727,2508.3654076439802,2511.2707330107446,151.1565704382533,2.9053253667644925,50
701,2363.556203817341,2511.2707330107446,2511.3022719780565,147.71452919340345,0.03153896731172871,50
702,2364.5475898133673,2511.3022719780565,2511.514986698502,146.75468216468926,0.21271472044576065,50
703,2369.7619564499632,2511.514986698502,2511.5832925045174,141.75303024853883,0.06830580601517727,50
704,2370.405196344025,2511.5832925045174,2513.4048290059404,141.17809616049226,1.8215365014230325,50
663,2206.8714696130487,2513.4048290059404,2513.504630842209,306.5333593928917,0.09980183626842762,50
705,2377.9833348103843,2513.504630842209,2516.2029446171696,135.52129603182448,2.6983137749607664,50
706,2378.2857755487094,2516.2029446171696,2516.7369768765057,137.91716906846023,0.5340322593362531,50
707,2381.9738094604704,2516.7369768765057,2517.2269097984727,134.76316741603523,0.4899329219671736,50
708,2383.1720047460203,2517.2269097984727,2521.213147494523,134.05490505245234,3.9862376960504498,50
709,2387.449717337682,2521.213147494523,2524.5964645896006,133.76343015684097,3.383317095077405,50
710,2387.4880560877627,2524.5964645896006,2525.3645677252157,137.10840850183786,0.7681031356151472,50
711,2391.0227287488315,2525.3645677252157,2527.186764567165,134.34183897638422,1.8221968419494592,50
712,2394.9565755428903,2527.186764567165,2527.960046707858,132.23018902427475,0.7732821406932131,50
713,2395.1703685050747,2527.960046707858,2528.678444203235,132.7896782027833,0.7183974953768353,50
714,2395.589762454936,2528.678444203235,2528.987686797383,133.08868174829877,0.30924259414813643,50
716,2404.8391531378393,2550.0,2552.225478358393,145.16084686216072,2.2254783583928726,51
717,2408.017618323352,2552.225478358393,2552.9930845950257,144.207860035041,0.7676062366328154,51
718,2409.8095849031915,2552.9930845950257,2554.0699052547425,143.1834996918342,1.0768206597166234,51
719,2411.931057914779,2554.0699052547425,2554.3931030377034,142.13884733996338,0.32319778296083707,51
720,2415.5674753414114,2554.3931030377034,2555.3377883662392,138.82562769629203,0.9446853285359357,51
721,2422.4495827115775,2555.3377883662392,2558.1460216209543,132.88820565466176,2.8082332547153266,51
722,2425.2838255598954,2558.1460216209543,2558.8614766700694,132.86219606105897,0.7154550491152214,51
723,2425.6957247982978,2558.8614766700694,2562.138964610635,133.1657518717716,3.2774879405657353,51
686,2285.3061750730017,2562.138964610635,2567.063091881088,276.8327895376333,4.924127270452843,51
724,2428.6124690144643,2567.063091881088,2568.6927579375624,138.4506228666237,1.6296660564745749,51
725,2434.1253724113308,2568.6927579375624,2568.9807128955526,134.56738552623165,0.2879549579904052,51
726,2435.805692969186,2568.9807128955526,2569.537123179957,133.17501992636653,0.5564102844042168,51
727,2438.6839857426185,2569.537123179957,2569.991769560303,130.85313743733832,0.45464638034638954,51
728,2440.091989123348,2569.991769560303,2572.072678134906,129.8997804369551,2.080908574602903,51
729,2440.311600227489,2572.072678134906,2577.180577010236,131.76107790741662,5.107898875330083,51
730,2457.4343376975303,2577.180577010236,2577.6032086078562,119.74623931270571,0.4226315976200202,51
731,2462.2733311537645,2577.6032086078562,2578.2284197047047,115.32987745409173,0.6252110968483867,51
696,2329.540297623775,2601.0,2607.5444243104275,271.45970237622487,6.544424310427337,52
733,2482.2056244114415,2607.5444243104275,2608.8481310702978,125.33879989898605,1.3037067598700778,52
734,2483.6301505630627,2608.8481310702978,2609.4038405933034,125.2179805072351,0.5557095230057271,52
735,2486.1987727855703,2609.4038405933034,2611.258551707492,123.20506780773303,1.854711114188877,52
736,2488.707315885198,2611.258551707492,2611.716153613487,122.55123582229407,0.45760190599493106,52
737,2489.5470369372683,2611.716153613487,2616.649339393947,122.16911667621889,4.93318578045944,52
738,2489.6236961378336,2616.649339393947,2618.2556175029995,127.0256432561132,1.6062781090527305,52
739,2490.8048264265394,2618.2556175029995,2621.2435003213695,127.45079107646006,2.987882818370168,52
740,2494.535909408758,2621.2435003213695,2622.201707722527,126.70759091261152,0.9582074011572842,52
741,2497.1567079665624,2622.201707722527,2623.727345976586,125.04499975596445,1.5256382540591014,52
742,2499.687191736361,2623.727345976586,2624.6176076304305,124.04015424022509,0.8902616538444742,52
743,2500.6350926713567,2624.6176076304305,2625.2240428902255,123.9825149590738,0.6064352597949461,52
744,2502.051400006215,2625.2240428902255,2626.662271914842,123.17264288401066,1.4382290246168228,52
745,2511.288585099264,2626.662271914842,2626.869902516334,115.37368681557837,0.20763060149170529,52
747,2516.10779205863,2652.0,2652.9555548129856,135.8922079413701,0.9555548129857464,53
748,2517.8231532385034,2652.9555548129856,2654.3390570534743,135.13240157448217,1.3835022404888684,53
749,2518.0168185704483,2654.3390570534743,2656.4652074074766,136.322238483026,2.1261503540022706,53
750,2520.3533832115363,2656.4652074074766,2658.774599034961,136.11182419594024,2.309391627484167,53
751,2521.491561392227,2658.774599034961,2665.56751234336,137.2830376427337,6.7929133083990925,53
752,2525.8747929961582,2665.56751234336,2665.935919747481,139.69271934720155,0.3684074041209758,53
715,2397.3227434834253,2665.935919747481,2669.105171477079,268.6131762640557,3.1692517295979665,53
753,2529.5960084548883,2669.105171477079,2670.4452687967155,139.50916302219048,1.3400973196368091,53
754,2530.4286721228914,2670.4452687967155,2675.420675262548,140.0165966738241,4.9754064658325134,53
755,2531.619974950765,2675.420675262548,2681.2283715818867,143.80070031178275,5.80769631933891,53
757,2541.7181800709473,2703.0,2703.034582466086,161.28181992905274,0.034582466085595946,54
758,2551.185535763823,2703.034582466086,2706.3895580047047,151.84904670226297,3.354975538618724,54
759,2556.321757689457,2706.3895580047047,2709.671081847336,150.0678003152475,3.281523842631664,54
760,2558.4602233371875,2709.671081847336,2714.4819430839834,151.21085851014868,4.810861236647486,54
761,2562.5587340115153,2714.4819430839834,2714.9081613562125,151.92320907246813,0.4262182722291252,54
762,2565.3134604131783,2714.9081613562125,2716.4031821858443,149.59470094303424,1.4950208296319532,54
763,2576.7646603840826,2716.4031821858443,2717.4145148392195,139.63852180176173,1.0113326533749882,54
764,2577.0880671853542,2717.4145148392195,2718.3482968632406,140.32644765386522,0.9337820240212126,54
732,2465.7337369886573,2718.3482968632406,2719.3901410737467,252.6145598745834,1.0418442105060342,54
765,2581.386317796558,2719.3901410737467,2728.6476393976945,138.00382327718853,9.257498323948012,54
766,2584.465059987698,2728.6476393976945,2732.5545849716887,144.18257940999638,3.9069455739941725,54
767,2585.1599135208526,2732.5545849716887,2732.750914584381,147.39467145083609,0.1963296126924997,54
769,2592.1826880931635,2754.0,2758.59145036942,161.8173119068365,4.591450369420026,55
770,2594.358561952904,2758.59145036942,2758.6583608033675,164.23288841651583,0.06691043394768169,55
771,2601.145834289009,2758.6583608033675,2763.9419410390615,157.51252651435834,5.283580235694202,55
772,2601.561795086592,2763.9419410390615,2765.710731256928,162.38014595246932,1.768790217866293,55
746,2512.057833836994,2765.710731256928,2768.501437552324,253.65289741993365,2.790706295396249,55
773,2627.4164742841695,2768.501437552324,2769.517416918009,141.08496326815475,1.0159793656847795,55
774,2629.5295318390636,2769.517416918009,2769.6775335650564,139.9878850789455,0.16011664704717574,55
775,2635.632541033517,2769.6775335650564,2770.032082794887,134.04499253153926,0.35454922983091564,55
776,2636.4661948809426,2770.032082794887,2770.582199489065,133.5658879139446,0.5501166941777144,55
777,2645.5650471545996,2770.582199489065,2774.1815879428054,125.01715233446521,3.59938845374067,55
778,2648.449920470318,2774.1815879428054,2778.7184532504443,125.73166747248752,4.536865307639113,55
779,2650.251787584917,2778.7184532504443,2779.0199841360864,128.46666566552722,0.3015308856419302,55
781,2652.1372423700427,2805.0,2806.0106914958615,152.8627576299573,1.0106914958613797,56
782,2658.1103616250134,2806.0106914958615,2808.9811971334257,147.90032987084805,2.970505637564039,56
783,2663.8559678875476,2808.9811971334257,2809.0413438600635,145.12522924587802,0.06014672663782314,56
784,2666.1043447031007,2809.0413438600635,2809.6799013314753,142.93699915696288,0.6385574714116945,56
785,2666.722495648383,2809.6799013314753,2819.488638891149,142.95740568309247,9.808737559673565,56
786,2670.9694491681366,2819.488638891149,2821.765601229292,148.51918972301246,2.2769623381429227,56
787,2673.5733990025756,2821.765601229292,2821.944781429488,148.1922022267163,0.17918020019631872,56
788,2673.7751571070557,2821.944781429488,2825.1443029425423,148.16962432243236,3.1995215130543397,56
789,2673.889853825094,2825.1443029425423,2825.315501530725,151.25444911744808,0.1711985881831257,56
790,2680.140991902893,2825.315501530725,2825.6504958109117,145.17450962783232,0.33499428018668487,56
756,2531.829623903729,2825.6504958109117,2828.137844683581,293.82087190718266,2.487348872669384,56
791,2683.818557729535,2828.137844683581,2830.1475470194528,144.31928695404622,2.009702335871485,56
792,2689.980603654134,2830.1475470194528,2830.9091258508183,140.16694336531873,0.7615788313653966,56
793,2693.6435253615746,2830.9091258508183,2831.1344577164436,137.26560048924375,0.22533186562515223,56
794,2695.874012988689,2831.1344577164436,2831.1448752453653,135.26044472775448,0.010417528921823578,56
795,2695.8961273736104,2831.1448752453653,2831.881987033235,135.24874787175486,0.7371117878698916,56
796,2698.5700165067483,2831.881987033235,2832.7743034343175,133.31197052648668,0.892316401082353,56
797,2698.609755675528,2832.7743034343175,2833.058599117395,134.16454775878947,0.28429568307723785,56
798,2701.1223700155047,2833.058599117395,2833.473611485681,131.93622910189015,0.4150123682860558,56
799,2713.766778463543,2833.473611485681,2834.6650850902843,119.7068330221382,1.1914736046031988,56
801,2714.4816461238247,2856.0,2857.3589775344617,141.5183538761753,1.3589775344617172,57
802,2715.019055105071,2857.3589775344617,2858.4522366737842,142.33992242939075,1.0932591393226088,57
803,2720.647585087177,2858.4522366737842,2858.6123183721575,137.80465158660718,0.16008169837336733,57
804,2721.500915068068,2858.6123183721575,2859.192220295131,137.11140330408944,0.5799019229736578,57
805,2725.341397735548,2859.192220295131,2859.758511897866,133.85082255958287,0.5662916027349977,57
806,2731.618067106877,2859.758511897866,2861.7203500800606,128.14044479098902,1.961838182194864,57
768,2589.454783410062,2861.7203500800606,2862.155538596585,272.2655666699984,0.43518851652441337,57
807,2736.3693745020632,2862.155538596585,2862.381814107037,125.78616409452161,0.22627551045184288,57
808,2736.5618774280683,2862.381814107037,2863.108517031059,125.81993667896859,0.7267029240217819,57
809,2736.5935277909452,2863.108517031059,2869.053465234777,126.51498924011366,5.944948203718192,57
810,2737.220187548311,2869.053465234777,2869.8530528245146,131.83327768646586,0.7995875897379235,57
811,2739.1168595083977,2869.8530528245146,2870.6681961464224,130.7361933161169,0.8151433219077435,57
812,2739.4509269531663,2870.6681961464224,2874.593412258597,131.21726919325602,3.925216112174344,57
813,2741.95463897982,2874.593412258597,2874.886065428363,132.63877327877663,0.29265316976607736,57
814,2748.707436591228,2874.886065428363,2875.6593476867656,126.17862883713497,0.7732822584027746,57
815,2748.866372754448,2875.6593476867656,2881.544827570075,126.79297493231752,5.885479883309344,57
817,2757.7842133612726,2907.0,2908.5776828441967,149.21578663872742,1.5776828441966915,58
818,2760.547511701292,2908.5776828441967,2910.1751389829597,148.0301711429047,1.597456138762853,58
819,2761.8061265375363,2910.1751389829597,2911.4135285373527,148.36901244542332,1.238389554393106,58
820,2772.66045018676,2911.4135285373527,2913.8780471219166,138.75307835059266,2.464518584563657,58
821,2774.3034990729866,2913.8780471219166,2914.5667811412623,139.57454804892996,0.6887340193456695,58
822,2775.647041591327,2914.5667811412623,2917.9849172088393,138.91973954993546,3.4181360675771226,58
780,2650.802987299698,2917.9849172088393,2919.037274944203,267.1819299091412,1.0523577353636597,58
823,2780.3436647900207,2919.037274944203,2920.4207841067123,138.69361015418235,1.3835091625091085,58
824,2782.6594452646655,2920.4207841067123,2922.4274030862416,137.76133884204683,2.006618979529303,58
825,2794.866686536694,2922.4274030862416,2922.981602725075,127.56071654954758,0.5541996388335287,58
826,2799.7512266773715,2922.981602725075,2925.131372580538,123.23037604770343,2.1497698554630214,58
827,2810.077729992677,2925.131372580538,2928.243894617398,115.05364258786085,3.1125220368599003,58
828,2812.326158329776,2928.243894617398,2929.5488062536683,115.91773628762212,1.3049116362702664,58
829,2821.7682979027086,2929.5488062536683,2930.573142961082,107.78050835095974,1.0243367074135783,58
830,2824.981458734915,2930.573142961082,2931.986064360112,105.59168422616676,1.4129213990299276,58
832,2833.629458774371,2958.0,2960.082573582814,124.37054122562904,2.0825735828140375,59
800,2714.144068781773,2960.082573582814,2962.345703586686,245.93850480104084,2.263130003872009,59
833,2836.3264484381693,2962.345703586686,2963.366081060679,126.01925514851655,1.0203774739931388,59
834,2836.6520607076245,2963.366081060679,2966.160247992025,126.71402035305437,2.794166931345989,59
835,2839.6901011944096,2966.160247992025,2972.906446373339,126.47014679761514,6.74619838131402,59
836,2839.9851107638015,2972.906446373339,2974.3693816815335,132.92133560953744,1.4629353081943623,59
837,2852.7338123511813,2974.3693816815335,2976.1068524149678,121.63556933035215,1.7374707334344925,59
838,2854.3312029563303,2976.1068524149678,2977.0991671056863,121.77564945863742,0.9923146907185758,59
839,2854.829453055844,2977.0991671056863,2980.0589907002027,122.26971404984215,2.9598235945164215,59
840,2856.023760871242,2980.0589907002027,2981.447149056151,124.03522982896084,1.3881583559482213,59
841,2856.2416180370797,2981.447149056151,2981.668005409788,125.20553101907126,0.22085635363692202,59
843,2860.3497968170595,3009.0,3010.13174120061,148.65020318294046,1.1317412006101668,60
844,2863.3528814201186,3010.13174120061,3010.5713505531985,146.77885978049153,0.43960935258815476,60
845,2864.6988558566113,3010.5713505531985,3012.365322884694,145.87249469658718,1.7939723314952316,60
846,2870.13229188292,3012.365322884694,3014.8050910985326,142.23303100177372,2.439768213838832,60
847,2875.7655347843397,3014.8050910985326,3018.113227361532,139.03955631419285,3.3081362629996938,60
848,2876.5128963810935,3018.113227361532,3018.242440411566,141.60033098043868,0.12921305003378245,60
849,2877.7700459167863,3018.242440411566,3018.4570586791447,140.47239449477956,0.21461826757897448,60
816,2749.1238960532623,3018.4570586791447,3022.5681857667487,269.3331626258823,4.111127087603866,60
850,2888.90446876324,3022.5681857667487,3023.176766616141,133.66371700350874,0.608580849392279,60
851,2890.0529089031684,3023.176766616141,3027.1470164715715,133.1238577129725,3.970249855430802,60
852,2892.3039810022015,3027.1470164715715,3028.9645091430552,134.84303546937008,1.8174926714837512,60
853,2893.2294203633637,3028.9645091430552,3030.8544473555335,135.73508877969152,1.8899382124780435,60
854,2894.8017321635625,3030.8544473555335,3031.7096376294967,136.05271519197095,0.855190273963348,60
855,2900.4534345745133,3031.7096376294967,3035.444990463333,131.25620305498342,3.7353528338364765,60
856,2902.117166652353,3035.444990463333,3037.893262310949,133.32782381098014,2.4482718476158976,60
857,2902.520205740595,3037.893262310949,3038.070382666743,135.37305657035404,0.1771203557940008,60
858,2905.286106488202,3038.070382666743,3038.3580027868566,132.78427617854095,0.2876201201135619,60
859,2908.27625554138,3038.3580027868566,3038.608815544623,130.08174724547644,0.25081275776668793,60
861,2914.0158019381656,3060.0,3061.618969114616,145.98419806183438,1.6189691146160476,61
862,2917.950372357679,3061.618969114616,3062.964254894736,143.66859675693695,1.3452857801198703,61
863,2923.243554097418,3062.964254894736,3063.719701917368,139.72070079731793,0.755447022632167,61
864,2927.4305403842436,3063.719701917368,3064.9190191287344,136.28916153312457,1.199317211366012,61
865,2927.686685032529,3064.9190191287344,3064.938278441202,137.23233409620525,0.0192593124673686,61
831,2829.1436297262035,3064.938278441202,3065.2318816101542,235.7946487149984,0.2936031689525186,61
866,2943.279374864185,3065.2318816101542,3068.609016375043,121.95250674596946,3.377134764889078,61
867,2944.7645488827493,3068.609016375043,3075.2480164914195,123.84446749229392,6.639000116376415,61
868,2952.293157911895,3075.2480164914195,3076.6142907800077,122.95485857952463,1.3662742885878811,61
869,2952.5891961442117,3076.6142907800077,3077.68873413998,124.025094635796,1.0744433599725363,61
870,2957.4729916825136,3077.68873413998,3081.3525450508323,120.2157424574666,3.663810910852149,61
871,2958.9347204686583,3081.3525450508323,3082.6941406955298,122.41782458217403,1.3415956446975834,61
872,2959.08574634525,3082.6941406955298,3082.8667180645443,123.60839435027992,0.17257736901454201,61
873,2972.78899445292,3082.8667180645443,3082.9294119181363,110.07772361162415,0.06269385359217605,61
874,2975.1714308654964,3082.9294119181363,3085.792469223726,107.75798105263993,2.8630573055898263,61
875,2978.0254980047907,3085.792469223726,3086.1608173127543,107.7669712189354,0.3683480890283534,61
876,2980.9860476353865,3086.1608173127543,3087.3832933281665,105.17476967736775,1.2224760154123842,61
877,2982.3962818175933,3111.0,3112.1563179723694,128.60371818240674,1.1563179723693233,62
878,2982.80753733768,3112.1563179723694,3115.1452502874304,129.34878063468932,2.9889323150608518,62
879,2992.223350667382,3115.1452502874304,3116.91834474866,122.9218996200484,1.773094461229644,62
880,2994.14517978911,3116.91834474866,3117.7818525729544,122.77316495954983,0.8635078242946654,62
881,2999.6842141269094,3117.7818525729544,3120.2628077766167,118.09763844604504,2.4809552036621656,62
882,3000.6162099914704,3120.2628077766167,3122.2663450612145,119.64659778514624,2.0035372845977566,62
883,3001.1979265286964,3122.2663450612145,3122.730064718962,121.06841853251808,0.4637196577471316,62
884,3003.933384265978,3122.730064718962,3123.390089067234,118.79668045298376,0.6600243482722649,62
885,3005.6642962708297,3123.390089067234,3124.9377996525723,117.72579279640422,1.5477105853382687,62
886,3009.074237424147,3124.9377996525723,3127.3729545899837,115.86356222842505,2.435154937411341,62
887,3009.1729935812446,3127.3729545899837,3131.277048299583,118.19996100873914,3.9040937095992763,62
888,3012.3469768736563,3131.277048299583,3133.5515423780066,118.9300714259266,2.27449407842349,62
889,3013.988275486994,3133.5515423780066,3133.7516807100724,119.56326689101252,0.2001383320657368,62
890,3014.7562768803346,3133.7516807100724,3140.3330686664412,118.99540382973782,6.581387956368828,62
892,3020.098325694186,3162.0,3164.8665504609326,141.90167430581414,2.866550460932365,63
893,3021.4133349674144,3164.8665504609326,3166.2111180495995,143.4532154935182,1.3445675886669164,63
894,3023.4522021075677,3166.2111180495995,3167.93389722103,142.75891594203176,1.7227791714304908,63
895,3025.952777786296,3167.93389722103,3169.0035365705085,141.98111943473396,1.0696393494785856,63
896,3029.350038310346,3169.0035365705085,3171.0117474152867,139.65349826016245,2.008210844778143,63
897,3032.2977686486743,3171.0117474152867,3171.207182089549,138.7139787666124,0.19543467426225128,63
898,3035.499994254917,3171.207182089549,3172.656926248743,135.7071878346319,1.4497441591937026,63
899,3036.676765434047,3172.656926248743,3173.309011800757,135.98016081469586,0.6520855520143177,63
860,2912.0922576575904,3173.309011800757,3178.81728743544,261.2167541431668,5.508275634682758,63
900,3039.854011834122,3178.81728743544,3179.610167192511,138.96327560131795,0.7928797570711928,63
901,3040.5279140861508,3179.610167192511,3182.2491142843533,139.08225310636044,2.638947091841957,63
902,3044.46901576391,3182.2491142843533,3184.874696106134,137.78009852044306,2.625581821780716,63
903,3046.2746682675142,3184.874696106134,3186.101333122378,138.60002783861955,1.2266370162442046,63
904,3046.769155181352,3186.101333122378,3188.283477620065,139.3321779410262,2.1821444976868722,63
905,3048.382613803717,3188.283477620065,3188.414327578177,139.90086381634774,0.13084995811234607,63
906,3049.0675883971385,3188.414327578177,3189.9432894336433,139.34673918103863,1.5289618554662148,63
907,3052.431699172157,3189.9432894336433,3190.4194268586048,137.51159026148616,0.47613742496134576,63
908,3083.117952449247,3190.4194268586048,3191.044843698115,107.30147440935798,0.6254168395101958,63
910,3085.3406823079495,3213.0,3213.346273642793,127.65931769205054,0.3462736427931418,64
842,2858.1428071609694,3213.346273642793,3213.9867377753944,355.20346648182385,0.6404641326013009,64
911,3087.9118276405625,3213.9867377753944,3216.112772312463,126.07491013483195,2.126034537068829,64
912,3090.5714923154346,3216.112772312463,3216.6891748029916,125.5412799970286,0.576402490528288,64
913,3090.9719863159603,3216.6891748029916,3217.6191075346346,125.71718848703131,0.9299327316428473,64
914,3091.376224970605,3217.6191075346346,3222.3017649663625,126.24288256402951,4.682657431727678,64
915,3096.350082800798,3222.3017649663625,3223.311258464709,125.9516821655643,1.0094934983466453,64
916,3096.491752903057,3223.311258464709,3225.715483346624,126.81950556165202,2.4042248819147667,64
917,3100.722853889248,3225.715483346624,3228.1482357640457,124.99262945737564,2.432752417421694,64
918,3101.0830174180446,3228.1482357640457,3228.15040955234,127.06521834600107,0.002173788294454152,64
919,3106.990927111836,3228.15040955234,3229.446018153382,121.15948244050423,1.295608601041904,64
920,3108.419580587226,3229.446018153382,3231.7247787546826,121.02643756615589,2.2787606013007657,64
921,3114.075537532121,3231.7247787546826,3235.1225089130185,117.64924122256161,3.3977301583359107,64
922,3114.9769593637807,3235.1225089130185,3236.219958304782,120.14554954923778,1.0974493917635568,64
923,3120.5250812734494,3236.219958304782,3236.5034890480947,115.69487703133245,0.28353074331302736,64
924,3121.1300807258744,3236.5034890480947,3236.6504125294314,115.37340832222026,0.14692348133672956,64
925,3121.6298597614336,3236.6504125294314,3237.6164117158846,115.02055276799774,0.9659991864532421,64
926,3122.4013682475434,3237.6164117158846,3240.2407410445358,115.21504346834126,2.624329328650943,64
927,3122.6053431850764,3240.2407410445358,3240.9926065038826,117.63539785945932,0.7518654593467121,64
928,3124.0454708075595,3240.9926065038826,3241.287587342322,116.94713569632313,0.29498083843933853,64
930,3126.487476099222,3264.0,3264.0170217135314,137.51252390077798,0.017021713531659377,65
931,3127.5244018227186,3264.0170217135314,3266.116781469623,136.49261989081288,2.09975975609166,65
891,3019.4084098008925,3266.116781469623,3268.6801603211284,246.7083716687307,2.563378851505065,65
932,3141.6337358701517,3268.6801603211284,3269.008434045464,127.0464244509767,0.3282737243358554,65
933,3150.001918482616,3269.008434045464,3270.0695041970935,119.00651556284811,1.0610701516291428,65
934,3150.454223920109,3270.0695041970935,3272.3898382158363,119.61528027698432,2.320334018742728,65
935,3157.155902834463,3272.3898382158363,3275.18208843819,115.23393538137316,2.79225022235371,65
936,3161.2982221145016,3275.18208843819,3276.1512086735343,113.88386632368838,0.9691202353440375,65
937,3167.1751084854736,3276.1512086735343,3282.75837260744,108.97610018806063,6.607163933905629,65
938,3168.2182916895495,3282.75837260744,3285.7772831433344,114.54008091789046,3.0189105358944843,65
939,3170.22317464726,3285.7772831433344,3288.122722918919,115.5541084960746,2.345439775584642,65
940,3177.2941960607477,3288.122722918919,3290.2709839940812,110.82852685817124,2.1482610751621087,65
941,3187.2969520806896,3290.2709839940812,3290.989051823979,102.97403191339163,0.7180678298977194,65
942,3188.7753319671033,3290.989051823979,3292.4476334611522,102.21371985687574,1.4585816371734213,65
943,3189.5942755926894,3292.4476334611522,3293.148286738972,102.85335786846281,0.7006532778194519,65
909,3084.2694130634286,3293.148286738972,3293.260515757741,208.87887367554322,0.11222901876917858,65
945,3192.8396519598086,3315.0,3321.1780203331045,122.16034804019137,6.1780203331046275,66
946,3195.7149610489496,3321.1780203331045,3322.5909334678354,125.46305928415495,1.4129131347307273,66
947,3199.5397644515324,3322.5909334678354,3323.9814280984638,123.05116901630299,1.3904946306282029,66
948,3201.5911375369897,3323.9814280984638,3325.0551924113915,122.3902905614741,1.0737643129279388,66
949,3202.033337461163,3325.0551924113915,3327.475245518238,123.02185495022877,2.420053106846213,66
950,3208.5315964769006,3327.475245518238,3329.389716067642,118.94364904133727,1.9144705494039405,66
951,3209.2850815300344,3329.389716067642,3330.1315735518697,120.10463453760758,0.7418574842277348,66
952,3209.7566263286762,3330.1315735518697,3331.563605729102,120.37494722319343,1.432032177232461,66
953,3213.256006737499,3331.563605729102,3332.5545981823157,118.3075989916033,0.9909924532134115,66
954,3222.2525898940535,3332.5545981823157,3334.566450629201,110.30200828826219,2.011852446885226,66
955,3222.85576519155,3334.566450629201,3338.164338692415,111.71068543765114,3.5978880632140067,66
956,3224.0710199528403,3338.164338692415,3338.3011428208424,114.0933187395749,0.1368041284270634,66
957,3224.960222984479,3338.3011428208424,3340.7002803973924,113.34091983636335,2.399137576549723,66
958,3228.5122840212307,3340.7002803973924,3340.8195807219545,112.18799637616166,0.11930032456192291,66
959,3228.9868510262745,3340.8195807219545,3340.999895833219,111.83272969567997,0.18031511126451197,66
960,3229.8416177823874,3340.999895833219,3342.1399277588475,111.15827805083154,1.1400319256287665,66
961,3229.872718916293,3342.1399277588475,3343.347900743927,112.26720884255474,1.2079729850794474,66
929,3125.3489705795287,3366.0,3368.95182808146,240.65102942047133,2.951828081459935,67
963,3248.6235354098717,3368.95182808146,3369.083834177657,120.32829267158831,0.13200609619706924,67
964,3265.134642800844,3369.083834177657,3371.5756698152213,103.9491913768129,2.4918356375642907,67
965,3267.0679629612487,3371.5756698152213,3371.7360736570363,104.50770685397265,0.16040384181508308,67
966,3270.3648849768783,3371.7360736570363,3372.950738547048,101.37118868015796,1.214664890011584,67
967,3276.917702346145,3372.950738547048,3374.335473539279,96.0330362009031,1.3847349922312793,67
968,3278.176409449807,3374.335473539279,3376.0089827438205,96.15906408947194,1.6735092045413271,67
969,3278.6784942976515,3376.0089827438205,3376.226169582263,97.33048844616906,0.21718683844239017,67
970,3279.7594987086777,3376.226169582263,3377.932389777346,96.46667087358537,1.7062201950832083,67
971,3280.0528669593195,3377.932389777346,3378.450979238167,97.87952281802654,0.5185894608205891,67
972,3282.7398149516475,3378.450979238167,3379.872888367958,95.7111642865193,1.4219091297911657,67
973,3285.858001500261,3379.872888367958,3380.43377556927,94.01488686769699,0.5608872013122,67
974,3292.1352187360667,3380.43377556927,3381.7102020524026,88.29855683320329,1.276426483132716,67
944,3191.4659188425167,3381.7102020524026,3382.035439140712,190.2442832098859,0.32523708830924153,67
975,3296.7275717746916,3382.035439140712,3387.387381997629,85.30786736602022,5.351942856917015,67
976,3307.0403036266143,3387.387381997629,3388.997170484673,80.3470783710145,1.6097884870439585,67
977,3316.09682283755,3388.997170484673,3393.9027698323644,72.900347647123,4.90559934769128,67
978,3321.001066540896,3393.9027698323644,3394.6794018715973,72.9017032914685,0.7766320392330793,67
979,3321.136538736339,3394.6794018715973,3395.755989419008,73.54286313525836,1.0765875474108537,67
981,3326.614193792079,3417.0,3420.7266807139868,90.38580620792118,3.7266807139867657,68
982,3329.1778229395823,3420.7266807139868,3420.742682908261,91.5488577744045,0.016002194274391646,68
983,3330.2611336181485,3420.742682908261,3421.1906485987392,90.48154929011253,0.44796569047807244,68
984,3331.018295043427,3421.1906485987392,3422.849988356442,90.17235355531238,1.6593397577023583,68
985,3336.5202046355826,3422.849988356442,3424.096957068359,86.32978372085927,1.2469687119172772,68
986,3340.3293338077547,3424.096957068359,3425.4568689098974,83.76762326060452,1.359911841538354,68
962,3233.837396083106,3425.4568689098974,3428.419074957272,191.61947282679148,2.9622060473746363,68
987,3346.575490522998,3428.419074957272,3431.2773302137402,81.84358443427436,2.8582552564678942,68
988,3347.8089415810027,3431.2773302137402,3431.8397413925127,83.46838863273751,0.5624111787724853,68
989,3352.320969746752,3431.8397413925127,3431.8525380091933,79.51877164576081,0.012796616680648569,68
990,3354.7884698493326,3431.8525380091933,3432.9079259024124,77.06406815986065,1.0553878932192036,68
991,3359.040814559963,3432.9079259024124,3433.758517889102,73.86711134244933,0.8505919866897748,68
992,3360.0842135303183,3433.758517889102,3437.4183629789204,73.67430435878396,3.6598450898184063,68
993,3367.3348858917543,3437.4183629789204,3437.42128919964,70.0834770871661,0.0029262207194391365,68
994,3367.434205121834,3437.42128919964,3439.5631113696277,69.98708407780578,2.1418221699879507,68
995,3372.919618579267,3439.5631113696277,3443.3441415638645,66.6434927903606,3.7810301942370095,68
996,3374.4078876063386,3443.3441415638645,3443.5636575030258,68.93625395752588,0.21951593916140927,68
997,3375.9357942211577,3443.5636575030258,3445.072913419077,67.62786328186803,1.5092559160511658,68
998,3376.9175505085514,3445.072913419077,3445.616970794681,68.15536291052558,0.5440573756040116,68
999,3381.194010496567,3445.616970794681,3445.7404983712845,64.42296029811405,0.12352757660355373,68
1001,3389.2978851566263,3468.0,3468.1555565961517,78.70211484337369,0.15555659615178372,69
1002,3393.796677856476,3468.1555565961517,3469.833386188165,74.35887873967567,1.6778295920134645,69
1003,3395.608812389705,3469.833386188165,3470.975184677445,74.22457379846037,1.1417984892798985,69
980,3326.327447048588,3470.975184677445,3477.635820644052,144.64773762885716,6.660635966606626,69
1004,3399.8554607086435,3477.635820644052,3480.048609487681,77.78035993540834,2.4127888436293037,69
1005,3400.5142996598875,3480.048609487681,3482.7073253289764,79.53430982779355,2.6587158412951952,69
1006,3413.798764157855,3482.7073253289764,3483.1604055207677,68.90856117112116,0.4530801917912514,69
1007,3414.0368207932515,3483.1604055207677,3484.9179524766246,69.12358472751612,1.7575469558571184,69
1008,3416.1223693968227,3484.9179524766246,3485.255761735116,68.79558307980187,0.33780925849109594,69
1009,3417.2280800558283,3485.255761735116,3485.614912351174,68.02768167928753,0.35915061605833526,69
1010,3418.5496040029634,3485.614912351174,3486.8698376554908,67.06530834821069,1.254925304316719,69
1011,3421.2342745665846,3486.8698376554908,3487.9133160837278,65.63556308890611,1.0434784282370124,69
1012,3422.441858971543,3487.9133160837278,3489.448732344239,65.47145711218491,1.5354162605112651,69
1013,3425.691062633555,3489.448732344239,3489.9142017072804,63.75766971068424,0.465469363041453,69
1014,3426.4158555983736,3489.9142017072804,3490.6514299108035,63.498346108906844,0.7372282035231089,69
1015,3434.105948665089,3490.6514299108035,3491.2672210402943,56.545481245714655,0.6157911294908567,69
1016,3441.0965719275437,3491.2672210402943,3491.5226913301344,50.17064911275065,0.2554702898398977,69
1017,3445.4268102041497,3491.5226913301344,3491.8657284745454,46.09588112598476,0.34303714441083816,69
1000,3382.803520459242,3491.8657284745454,3494.182802409359,109.06220801530344,2.317073934813261,69
1018,3447.68457912819,3494.182802409359,3497.684652004,46.498223281168976,3.5018495946410817,69
1020,3459.415945873818,3519.0,3527.0988078799237,59.584054126181854,8.098807879923585,70
1021,3463.438611970238,3527.0988078799237,3528.030001766065,63.660195909685626,0.9311938861414686,70
1022,3464.9919413626976,3528.030001766065,3530.0201153306457,63.03806040336758,1.9901135645803283,70
1023,3465.287689935598,3530.0201153306457,3532.0896165370705,64.73242539504781,2.069501206424603,70
1024,3465.6225503141914,3532.0896165370705,3532.6886418337735,66.46706622287911,0.5990252967032608,70
1025,3466.100247494481,3532.6886418337735,3536.0392320829774,66.58839433929234,3.3505902492038038,70
1026,3471.8155551384675,3536.0392320829774,3536.314980096965,64.22367694450986,0.27574801398754717,70
1027,3472.7162155529422,3536.314980096965,3541.0243790274,63.59876454402274,4.709398930434958,70
1028,3473.724365875749,3541.0243790274,3541.8299660611333,67.300013151651,0.8055870337332399,70
1029,3474.985530729087,3541.8299660611333,3542.1977857970683,66.84443533204649,0.3678197359349307,70
1030,3480.3639653463742,3542.1977857970683,3543.9038740734936,61.83382045069402,1.706088276425241,70
1031,3481.639999536625,3543.9038740734936,3544.9089233789446,62.26387453686857,1.0050493054508276,70
1032,3482.697978259984,3544.9089233789446,3544.9687746415552,62.21094511896035,0.059851262610798914,70
1033,3482.9567238976742,3544.9687746415552,3547.267825426451,62.01205074388099,2.2990507848956936,70
1034,3488.002861665419,3547.267825426451,3547.647260413711,59.26496376103205,0.3794349872601687,70
1019,3451.8298752656447,3547.647260413711,3548.130680369977,95.81738514806648,0.4834199562658791,70
1035,3499.14294431449,3548.130680369977,3548.5451004868455,48.9877360554874,0.4144201168681243,70
1037,3505.304930063196,3570.0,3579.0944848912677,64.69506993680397,9.094484891267783,71
1038,3506.309365109058,3579.0944848912677,3580.420417318338,72.78511978220968,1.3259324270702195,71
1039,3506.414616410221,3580.420417318338,3585.2967004814986,74.00580090811718,4.876283163160836,71
1040,3508.1418594989677,3585.2967004814986,3585.7911124384623,77.15484098253091,0.4944119569635701,71
1041,3510.1480166885613,3585.7911124384623,3590.313322875306,75.64309574990102,4.522210436843495,71
1042,3514.7434751498326,3590.313322875306,3591.8209537228145,75.56984772547321,1.5076308475086417,71
